"Dilution","Content",".copy","Sample","T.0","T.10","T.20","T.30","T.40","T.50","T.60","T.70","T.80","T.90","T.100","T.110","T.120","T.130","T.140","T.150","T.160","T.170","T.180","T.190","T.200","T.210","T.220","T.230","T.240","T.250","T.260","T.270","T.280","T.290","T.300","T.310","T.320","T.330","T.340","T.350","T.360","T.370","T.380","T.390","T.400","T.410","T.420","T.430","T.440","T.450","T.460","T.470","T.480","T.490","T.500","T.510","T.520","T.530","T.540","T.550","T.560","T.570","T.580","T.590","T.600","T.610","T.620","T.630","T.640","T.650","T.660","T.670","T.680","T.690","T.700","T.710","T.720","T.730","T.740","T.750","T.760","T.770","T.780","T.790","T.800","T.810","T.820","T.830","T.840","T.850","T.860","T.870","T.880","T.890","T.900","T.910","T.920","T.930","T.940","T.950","T.960","T.970","T.980","T.990","T.1000","T.1010","T.1020","T.1030","T.1040","T.1050","T.1060","T.1070","T.1080"
2,"Red",1,"Un_0001 1/1",0.465071,0.347841,0.299101,0.295542,0.290771,0.286964,0.286058,0.283922,0.281957,0.283779,0.28077,0.281944,0.279005,0.276894,0.275606,0.275984,0.27496,0.273963,0.27443,0.272424,0.272727,0.273428,0.271311,0.270933,0.272427,0.270712,0.270423,0.271731,0.270118,0.270295,0.271071,0.269622,0.269787,0.271169,0.269935,0.269685,0.270984,0.26926,0.269984,0.270917,0.270382,0.269842,0.271016,0.270137,0.269948,0.271285,0.270105,0.269779,0.271345,0.270194,0.270266,0.27132,0.270068,0.270516,0.271489,0.270277,0.270486,0.272139,0.270237,0.270757,0.272151,0.271071,0.271865,0.272652,0.271093,0.270843,0.272691,0.27134,0.271713,0.272968,0.271218,0.272014,0.272794,0.272163,0.271899,0.273398,0.27238,0.272181,0.27391,0.272658,0.272945,0.274272,0.272686,0.273078,0.274592,0.272818,0.272476,0.274517,0.273667,0.27308,0.274696,0.273562,0.273823,0.274735,0.273981,0.273835,0.275171,0.273495,0.273752,0.275188,0.273989,0.274565,0.275551,0.274339,0.274464,0.275333,0.273796,0.273806,0.276006
1,"Red",1,"Un_0002 1/1",0.320854,0.26725,0.233894,0.229844,0.225838,0.219993,0.217286,0.214701,0.212945,0.213346,0.212257,0.211348,0.212203,0.2111,0.210444,0.21134,0.210617,0.210079,0.211017,0.210161,0.209902,0.211547,0.210019,0.210775,0.211391,0.211086,0.210723,0.211612,0.210717,0.211144,0.211971,0.211314,0.211732,0.213136,0.212305,0.212211,0.213518,0.212341,0.212686,0.213383,0.213109,0.213141,0.21361,0.213271,0.213522,0.214229,0.2136,0.213755,0.215003,0.213655,0.21436,0.214643,0.214222,0.214335,0.215184,0.214438,0.214937,0.215922,0.215223,0.215696,0.216093,0.215485,0.215406,0.216576,0.216222,0.215525,0.217162,0.216117,0.216358,0.216976,0.21634,0.21617,0.216987,0.216222,0.216573,0.217504,0.216898,0.216867,0.218162,0.217063,0.217233,0.21801,0.217021,0.217298,0.218371,0.217299,0.217452,0.218172,0.217594,0.217281,0.218209,0.217429,0.217653,0.218361,0.217657,0.217765,0.218158,0.217588,0.217442,0.218606,0.217762,0.218002,0.218855,0.217884,0.218103,0.218613,0.217634,0.217437,0.218913
0.5,"Red",1,"Un_0003 1/1",0.259826,0.246969,0.240394,0.235936,0.236963,0.23677,0.234868,0.236601,0.236823,0.235042,0.236308,0.236915,0.23576,0.236876,0.237258,0.235037,0.237272,0.238258,0.236316,0.238273,0.238211,0.236278,0.238841,0.239392,0.237982,0.239432,0.240083,0.237624,0.240108,0.239827,0.238569,0.240465,0.24056,0.238032,0.240711,0.240945,0.239107,0.241913,0.241677,0.240165,0.242331,0.242051,0.241255,0.242078,0.242202,0.240691,0.242618,0.242928,0.241205,0.243356,0.24386,0.241685,0.24329,0.243421,0.241822,0.243849,0.243579,0.242146,0.24442,0.244073,0.241513,0.243675,0.244212,0.241662,0.243885,0.244969,0.240367,0.244354,0.244098,0.241863,0.245012,0.244902,0.242984,0.244424,0.244516,0.243161,0.244916,0.244927,0.241494,0.244595,0.244857,0.2425,0.24511,0.245042,0.243162,0.245269,0.245896,0.242508,0.244785,0.245178,0.242444,0.245176,0.245351,0.243601,0.245167,0.245548,0.242964,0.245791,0.245718,0.243936,0.245764,0.245305,0.244212,0.246091,0.246195,0.243635,0.245634,0.24571,0.243927
0.25,"Red",1,"Un_0004 1/1",0.171876,0.166603,0.164506,0.163182,0.161376,0.160978,0.16038,0.158452,0.1585,0.159256,0.158605,0.159639,0.161431,0.161842,0.162153,0.163323,0.163176,0.162626,0.162925,0.162628,0.1616,0.159896,0.158166,0.156556,0.156867,0.156035,0.155445,0.156517,0.155895,0.155069,0.156071,0.156932,0.156982,0.158594,0.157656,0.15681,0.155999,0.154562,0.15333,0.153832,0.153157,0.154174,0.155675,0.155288,0.15479,0.1568,0.155131,0.154881,0.155659,0.153727,0.154003,0.154939,0.15327,0.152636,0.153997,0.152572,0.151866,0.153426,0.151581,0.15147,0.153037,0.152035,0.15216,0.153841,0.152799,0.152161,0.155141,0.152646,0.152833,0.154155,0.151348,0.151923,0.15323,0.151678,0.149583,0.150399,0.148519,0.147338,0.149065,0.148346,0.150415,0.153184,0.152951,0.153777,0.154359,0.152334,0.152246,0.154711,0.153275,0.153267,0.154813,0.154016,0.153978,0.155122,0.153021,0.152486,0.153613,0.151931,0.152183,0.153743,0.151898,0.152194,0.153824,0.15298,0.152453,0.154405,0.152404,0.152181,0.153858
0.125,"Red",1,"Un_0005 1/1",0.16592,0.144606,0.142041,0.13992,0.140297,0.139268,0.13734,0.138681,0.138412,0.137141,0.136851,0.137269,0.135896,0.136817,0.136264,0.135199,0.135519,0.135523,0.134763,0.13485,0.134793,0.134279,0.135339,0.134785,0.134185,0.135149,0.135271,0.133793,0.135157,0.134211,0.133818,0.134508,0.134074,0.133515,0.134234,0.134032,0.133463,0.134365,0.134812,0.133859,0.134631,0.134439,0.133848,0.134257,0.134043,0.133703,0.134083,0.133915,0.133602,0.134229,0.134213,0.133733,0.134172,0.134107,0.133638,0.134371,0.134108,0.133912,0.134542,0.134114,0.133201,0.134015,0.133924,0.133255,0.13406,0.134139,0.132734,0.133775,0.133385,0.133341,0.133908,0.133568,0.132618,0.133477,0.133604,0.132922,0.133699,0.133622,0.132561,0.133429,0.133437,0.132686,0.133632,0.133028,0.133177,0.133703,0.133868,0.132163,0.132976,0.133339,0.132433,0.133214,0.133008,0.132543,0.13312,0.133088,0.132541,0.133461,0.13313,0.132344,0.133075,0.133125,0.132627,0.133143,0.133347,0.131866,0.132595,0.132258,0.132199
0.0625,"Red",1,"Un_0006 1/1",0.137633,0.112727,0.111694,0.110428,0.109898,0.109844,0.109641,0.109178,0.108878,0.109258,0.109122,0.108971,0.109346,0.109077,0.109122,0.109352,0.108924,0.108619,0.108524,0.108524,0.109002,0.109006,0.109152,0.10887,0.109348,0.109428,0.109228,0.109545,0.109165,0.109404,0.109817,0.109584,0.109881,0.11057,0.110057,0.110353,0.110944,0.110657,0.110734,0.11119,0.111277,0.111343,0.11155,0.111564,0.111746,0.112167,0.112078,0.112281,0.113031,0.112918,0.112996,0.113245,0.113366,0.113035,0.113815,0.113714,0.113958,0.114994,0.114624,0.114494,0.114855,0.114862,0.114807,0.11567,0.115252,0.115702,0.116043,0.115788,0.116124,0.116965,0.116666,0.116693,0.117014,0.116844,0.116838,0.117909,0.117719,0.117739,0.118694,0.118461,0.118518,0.11899,0.118879,0.119361,0.120177,0.11968,0.120013,0.120401,0.120129,0.120508,0.120986,0.12052,0.120608,0.121343,0.12125,0.121742,0.122165,0.12186,0.122012,0.122744,0.122483,0.122956,0.123617,0.12312,0.123625,0.123616,0.123341,0.123743,0.124563
0.03125,"Red",1,"Un_0007 1/1",0.146554,0.116881,0.11584,0.116266,0.115339,0.11456,0.11626,0.115277,0.114673,0.116289,0.115152,0.114657,0.116007,0.114849,0.114559,0.116102,0.114613,0.114571,0.115781,0.114766,0.11485,0.11639,0.115027,0.115308,0.117288,0.11682,0.116937,0.119471,0.119147,0.12046,0.123649,0.124407,0.1269,0.130962,0.13325,0.137027,0.143522,0.14659,0.152392,0.160118,0.165644,0.172615,0.181103,0.186994,0.192879,0.201509,0.204844,0.211733,0.21991,0.225049,0.232515,0.241659,0.247771,0.255163,0.263351,0.26834,0.274922,0.284106,0.288253,0.295023,0.303145,0.307411,0.313686,0.322417,0.326657,0.332614,0.342074,0.345015,0.350815,0.359181,0.361589,0.367465,0.375003,0.377831,0.382582,0.389006,0.390628,0.393691,0.399326,0.399039,0.40154,0.406083,0.404598,0.40655,0.410125,0.408648,0.408998,0.413168,0.410951,0.411149,0.413656,0.411436,0.411498,0.414029,0.412958,0.413243,0.415325,0.412708,0.412854,0.41562,0.413102,0.413889,0.416198,0.413623,0.413677,0.415861,0.413364,0.413184,0.416245
0,"Red",1,"Un_0008 1/1",0.116623,0.0874131,0.0859687,0.0864381,0.0849818,0.0847395,0.085076,0.0841529,0.0835207,0.0846402,0.0839199,0.0838323,0.0844911,0.0836056,0.0834984,0.0843276,0.083629,0.083618,0.084085,0.083698,0.0841724,0.0852389,0.0849525,0.086019,0.0882242,0.0893649,0.0912564,0.0953754,0.0978773,0.102997,0.108774,0.113906,0.120853,0.130709,0.140716,0.147852,0.158532,0.167584,0.178297,0.191839,0.20283,0.216425,0.228148,0.237762,0.246763,0.257941,0.26773,0.279616,0.290629,0.298484,0.307691,0.32382,0.333915,0.345014,0.356434,0.3676,0.384667,0.396352,0.408147,0.419673,0.427064,0.434582,0.439832,0.446971,0.450205,0.456359,0.460138,0.464666,0.466965,0.47002,0.472876,0.474236,0.47624,0.477962,0.479498,0.479538,0.480518,0.482171,0.482486,0.48345,0.483476,0.483879,0.484777,0.485601,0.485569,0.48668,0.486987,0.485822,0.487114,0.486849,0.487035,0.487573,0.487998,0.488074,0.488405,0.487964,0.488138,0.489253,0.489147,0.488786,0.489568,0.489797,0.489814,0.490913,0.49003,0.489593,0.490451,0.490805,0.490654
2,"Red",2,"Un_0009 1/1",0.39993,0.262697,0.23547,0.228407,0.224752,0.221673,0.217986,0.217291,0.215298,0.214224,0.213569,0.213479,0.211687,0.212866,0.212074,0.211812,0.210917,0.210822,0.210474,0.210274,0.210213,0.209687,0.210238,0.210646,0.210428,0.211119,0.211347,0.210325,0.210826,0.210848,0.210961,0.211414,0.211554,0.211252,0.211554,0.211708,0.211587,0.212537,0.212082,0.211794,0.212607,0.2127,0.212294,0.213202,0.213075,0.213134,0.213351,0.213927,0.213615,0.214322,0.214006,0.213704,0.214503,0.214286,0.214001,0.214846,0.214898,0.214797,0.215674,0.215666,0.214976,0.215456,0.215493,0.215692,0.216021,0.216488,0.215988,0.2163,0.216274,0.216259,0.217029,0.216752,0.216652,0.217147,0.217471,0.217071,0.217587,0.217681,0.217679,0.217907,0.218416,0.217952,0.218398,0.218322,0.218509,0.219024,0.219086,0.218352,0.218866,0.219111,0.218932,0.219154,0.219616,0.2197,0.219563,0.220152,0.219449,0.220462,0.220156,0.21984,0.220515,0.220991,0.220383,0.221017,0.221108,0.220792,0.220858,0.220936,0.220965
1,"Red",2,"Un_0010 1/1",0.349693,0.290746,0.270609,0.249994,0.241334,0.234729,0.230547,0.231464,0.229974,0.229964,0.229434,0.229663,0.228649,0.228758,0.228505,0.228352,0.228465,0.228458,0.228287,0.228679,0.228827,0.228693,0.229378,0.229514,0.229226,0.229826,0.230005,0.229942,0.230246,0.230371,0.230326,0.230428,0.230953,0.230635,0.23113,0.231509,0.231389,0.232122,0.231996,0.231926,0.232499,0.232431,0.232358,0.232519,0.233403,0.233142,0.23345,0.233792,0.233888,0.234245,0.23437,0.233757,0.234462,0.234605,0.234553,0.234976,0.235293,0.235326,0.235737,0.235988,0.235005,0.235815,0.235797,0.235868,0.236033,0.236431,0.236076,0.236363,0.236616,0.236376,0.236988,0.236873,0.236617,0.236822,0.237286,0.237273,0.238088,0.237811,0.237783,0.237887,0.238356,0.238063,0.238706,0.238696,0.23866,0.239005,0.239232,0.238588,0.239134,0.239193,0.238758,0.239154,0.239349,0.239523,0.239553,0.239866,0.239566,0.240328,0.239912,0.239799,0.240083,0.24012,0.239915,0.240426,0.240603,0.239959,0.240145,0.239946,0.23997
0.5,"Red",2,"Un_0011 1/1",0.242854,0.222148,0.215097,0.211165,0.204858,0.204024,0.20355,0.200725,0.199836,0.198659,0.198385,0.197518,0.197453,0.197219,0.196191,0.196744,0.19635,0.19636,0.195539,0.195625,0.195308,0.195115,0.19527,0.195575,0.195786,0.195557,0.195372,0.195764,0.195594,0.194803,0.1954,0.195204,0.195348,0.195448,0.195255,0.19491,0.195788,0.194961,0.195588,0.195569,0.195127,0.194951,0.195382,0.195189,0.194904,0.195191,0.195221,0.194808,0.19546,0.19535,0.195403,0.195235,0.19498,0.194981,0.195193,0.195101,0.195114,0.195643,0.195545,0.195576,0.195167,0.195108,0.19501,0.195377,0.195457,0.194586,0.195205,0.194694,0.195012,0.195373,0.195043,0.195164,0.195089,0.195183,0.19517,0.195503,0.195191,0.195021,0.195165,0.195202,0.195176,0.195366,0.194992,0.195057,0.195779,0.195466,0.195158,0.195296,0.194954,0.194895,0.195602,0.194737,0.194703,0.195395,0.194966,0.195073,0.19542,0.194983,0.194857,0.195603,0.195244,0.195233,0.195577,0.195195,0.194996,0.194768,0.194516,0.19486,0.195289
0.25,"Red",2,"Un_0012 1/1",0.188848,0.163564,0.162121,0.156642,0.156716,0.15559,0.154132,0.153065,0.152422,0.151835,0.152555,0.150503,0.150404,0.151019,0.150142,0.149942,0.149809,0.149568,0.149373,0.149165,0.149227,0.149431,0.149513,0.148911,0.149845,0.149731,0.149513,0.149019,0.149546,0.149149,0.149519,0.149276,0.149682,0.149097,0.149655,0.149917,0.149615,0.150497,0.14995,0.149766,0.150094,0.149923,0.150377,0.150033,0.149627,0.150028,0.149712,0.149991,0.14998,0.150335,0.150177,0.149647,0.149977,0.150069,0.149779,0.150127,0.149886,0.150409,0.150166,0.150305,0.149969,0.149811,0.149583,0.149759,0.149889,0.149736,0.149845,0.149682,0.149801,0.149829,0.150052,0.149557,0.149694,0.149675,0.14972,0.149994,0.149658,0.149595,0.149496,0.149609,0.149401,0.149267,0.149431,0.149245,0.149279,0.149424,0.149936,0.149035,0.14925,0.149059,0.14905,0.149275,0.149153,0.149403,0.149044,0.149308,0.148861,0.149021,0.148977,0.148741,0.148972,0.149054,0.149142,0.149473,0.14914,0.148487,0.14853,0.148688,0.14866
0.125,"Red",2,"Un_0013 1/1",0.168972,0.145511,0.144474,0.142627,0.14128,0.140418,0.141313,0.140721,0.140091,0.139755,0.139629,0.13914,0.139373,0.139088,0.138402,0.138459,0.138334,0.138627,0.13785,0.138165,0.138024,0.13832,0.138205,0.137962,0.138278,0.13833,0.138007,0.13771,0.137899,0.137706,0.138271,0.138201,0.138085,0.138145,0.138607,0.138722,0.138859,0.138733,0.138633,0.138664,0.138507,0.138423,0.138382,0.138504,0.138592,0.138334,0.138827,0.138663,0.13907,0.138718,0.138883,0.13843,0.138291,0.13837,0.138397,0.138443,0.138469,0.139197,0.138693,0.138781,0.138176,0.138428,0.138397,0.13837,0.138457,0.138396,0.138372,0.138307,0.138423,0.13837,0.138411,0.138533,0.138012,0.138042,0.138336,0.138482,0.138546,0.138383,0.13812,0.138211,0.138516,0.138251,0.138111,0.138565,0.138283,0.137975,0.138612,0.13804,0.137758,0.138071,0.137836,0.137921,0.13773,0.138116,0.13772,0.137816,0.138074,0.137933,0.137806,0.137897,0.137859,0.137645,0.137715,0.137842,0.137767,0.137429,0.137249,0.137132,0.137452
0.0625,"Red",2,"Un_0014 1/1",0.147911,0.12439,0.122994,0.122109,0.121196,0.120567,0.119719,0.119596,0.118768,0.119141,0.119158,0.118906,0.118785,0.11903,0.118841,0.118579,0.118589,0.118499,0.117934,0.118238,0.11818,0.118263,0.118602,0.118451,0.118707,0.118713,0.118828,0.118564,0.119128,0.119119,0.119492,0.11933,0.119551,0.119657,0.120099,0.119992,0.120477,0.120895,0.121172,0.121269,0.121059,0.121362,0.121518,0.121879,0.121948,0.122117,0.121991,0.122462,0.123027,0.123422,0.123881,0.123755,0.12401,0.124205,0.124546,0.124639,0.125227,0.125869,0.125751,0.126241,0.126329,0.126836,0.127124,0.127823,0.128075,0.12842,0.129123,0.129634,0.130438,0.131181,0.132044,0.133326,0.134898,0.136578,0.138652,0.142337,0.146422,0.151313,0.157739,0.165522,0.174118,0.184009,0.196159,0.208064,0.220974,0.235287,0.249507,0.262832,0.277769,0.293052,0.310226,0.327024,0.341132,0.360956,0.377371,0.390678,0.405099,0.420997,0.436938,0.44733,0.457008,0.466129,0.476635,0.484006,0.490206,0.495511,0.501076,0.50437,0.509262
0.03125,"Red",2,"Un_0015 1/1",0.131306,0.123621,0.122998,0.122891,0.123332,0.122911,0.122676,0.122696,0.12166,0.121912,0.121627,0.121849,0.121124,0.121574,0.121344,0.121329,0.121322,0.121075,0.121128,0.121378,0.12162,0.122622,0.122594,0.123222,0.123314,0.124135,0.124642,0.125245,0.126781,0.128034,0.130321,0.132875,0.135364,0.138273,0.142729,0.146594,0.151346,0.156402,0.162265,0.168221,0.174747,0.181377,0.187555,0.194676,0.20106,0.207819,0.214648,0.222719,0.230107,0.236937,0.243943,0.250922,0.257932,0.265081,0.271716,0.27786,0.284477,0.291014,0.297202,0.302853,0.308875,0.314782,0.320892,0.326862,0.332034,0.33753,0.343478,0.348587,0.353914,0.359549,0.364688,0.370113,0.374101,0.379637,0.385589,0.388663,0.393338,0.396659,0.399954,0.402357,0.40483,0.407142,0.409125,0.411214,0.413239,0.414361,0.415905,0.416521,0.41774,0.418279,0.418716,0.419794,0.419555,0.420618,0.420374,0.420568,0.420791,0.42098,0.420919,0.421085,0.420938,0.420748,0.420852,0.42072,0.420367,0.419742,0.419799,0.419734,0.419602
0,"Red",2,"Un_0016 1/1",0.122629,0.116029,0.116515,0.117215,0.117199,0.118431,0.118406,0.118507,0.118393,0.118887,0.119124,0.118911,0.118776,0.119847,0.120106,0.120301,0.120483,0.120949,0.120793,0.121557,0.121865,0.122379,0.12315,0.124246,0.125664,0.127643,0.130497,0.133027,0.137059,0.14221,0.147558,0.153888,0.161185,0.168244,0.177658,0.184957,0.195444,0.206444,0.219303,0.230098,0.242391,0.251907,0.262478,0.276248,0.286342,0.294849,0.305141,0.313994,0.323813,0.333587,0.343003,0.350756,0.36112,0.370797,0.380032,0.390609,0.398494,0.408654,0.418185,0.425791,0.434114,0.442297,0.448659,0.455506,0.462751,0.467648,0.473383,0.478645,0.483504,0.487653,0.490342,0.494513,0.497882,0.500649,0.503537,0.50405,0.506205,0.507828,0.508706,0.509217,0.509936,0.511191,0.511785,0.511826,0.512224,0.512609,0.512866,0.512578,0.513427,0.513485,0.513432,0.513562,0.514288,0.513756,0.5138,0.513722,0.513519,0.51446,0.514231,0.514364,0.514901,0.514294,0.514761,0.514917,0.514628,0.514343,0.514256,0.51409,0.51467
2,"Red",3,"Un_0017 1/1",0.39872,0.277493,0.260348,0.251753,0.245756,0.243025,0.240726,0.239892,0.239126,0.238105,0.237174,0.236231,0.235547,0.235185,0.234396,0.233899,0.233424,0.232828,0.232048,0.231909,0.231874,0.231573,0.231274,0.230709,0.230745,0.231295,0.230638,0.230986,0.230325,0.230662,0.230646,0.230779,0.230436,0.230778,0.230736,0.230927,0.230822,0.230786,0.231118,0.231044,0.231194,0.231218,0.231253,0.231355,0.231162,0.231014,0.231222,0.231768,0.232225,0.232102,0.23213,0.23184,0.231913,0.231942,0.232137,0.232204,0.232584,0.232938,0.233105,0.232914,0.232976,0.232937,0.23315,0.232836,0.233314,0.233264,0.23335,0.233594,0.233914,0.233789,0.234056,0.234507,0.233897,0.233877,0.23419,0.23462,0.234647,0.234779,0.234815,0.235005,0.23513,0.235165,0.235257,0.235294,0.23563,0.235838,0.235949,0.235546,0.235699,0.235666,0.235834,0.236114,0.235855,0.236235,0.236389,0.236258,0.23653,0.236707,0.23684,0.236922,0.237038,0.237143,0.237257,0.237331,0.237552,0.236886,0.236707,0.237006,0.237616
1,"Red",3,"Un_0018 1/1",0.348753,0.2931,0.269482,0.255941,0.246738,0.238942,0.235325,0.232392,0.231655,0.2299,0.230222,0.229091,0.229542,0.228876,0.228932,0.22887,0.227921,0.228161,0.228036,0.228021,0.228124,0.227928,0.228047,0.228186,0.228465,0.228217,0.228202,0.227886,0.227879,0.228062,0.228453,0.228444,0.228402,0.228601,0.228449,0.228514,0.228787,0.22899,0.228854,0.228778,0.228908,0.22917,0.229631,0.22957,0.229963,0.229639,0.229882,0.230075,0.230348,0.231027,0.230653,0.231,0.230996,0.230786,0.23115,0.231386,0.231135,0.231879,0.23199,0.23215,0.232125,0.231925,0.231734,0.232242,0.231936,0.232306,0.23187,0.232006,0.232147,0.232375,0.232211,0.232581,0.2324,0.232428,0.232908,0.233184,0.233052,0.233095,0.233447,0.2334,0.233801,0.233649,0.233749,0.233734,0.23359,0.234001,0.234077,0.233874,0.233758,0.233724,0.233789,0.233894,0.234208,0.234323,0.234595,0.234273,0.234313,0.233951,0.234516,0.234356,0.234382,0.234302,0.234953,0.234849,0.234478,0.234711,0.23465,0.234811,0.234813
0.5,"Red",3,"Un_0019 1/1",0.236256,0.223458,0.216357,0.207005,0.202504,0.200178,0.19745,0.19516,0.194383,0.193568,0.192694,0.192401,0.192907,0.192323,0.191456,0.192576,0.19176,0.192379,0.191632,0.191755,0.191615,0.192623,0.191637,0.191877,0.191714,0.191644,0.191831,0.192308,0.19199,0.191592,0.192101,0.191772,0.191788,0.192023,0.192389,0.192736,0.192845,0.192648,0.193205,0.193047,0.192713,0.192529,0.192997,0.193111,0.193386,0.192917,0.19316,0.193082,0.193443,0.19319,0.193341,0.193147,0.193611,0.193197,0.193744,0.193901,0.193888,0.19377,0.194096,0.193992,0.19349,0.193909,0.193859,0.193033,0.193572,0.193272,0.193596,0.193942,0.193541,0.193639,0.19443,0.194404,0.193821,0.193934,0.193953,0.194066,0.194097,0.194265,0.193863,0.194021,0.193699,0.193825,0.193978,0.193733,0.194886,0.193995,0.193883,0.193892,0.19369,0.193628,0.193972,0.193938,0.193968,0.19358,0.19403,0.194154,0.194014,0.194808,0.194005,0.193903,0.194149,0.194262,0.193778,0.194185,0.194619,0.193076,0.192782,0.19302,0.193275
0.25,"Red",3,"Un_0020 1/1",0.176191,0.166991,0.164546,0.159307,0.156423,0.15441,0.152119,0.150387,0.149061,0.149622,0.148992,0.147514,0.147479,0.147368,0.146568,0.146618,0.145801,0.145618,0.145851,0.145388,0.144796,0.144375,0.144974,0.144819,0.144951,0.144477,0.144673,0.144766,0.144755,0.144434,0.144585,0.144292,0.144253,0.14464,0.144575,0.14434,0.144616,0.14474,0.144639,0.144695,0.144514,0.144747,0.144339,0.144412,0.144375,0.144667,0.144378,0.144515,0.144883,0.144785,0.144706,0.144542,0.144541,0.144561,0.144511,0.144519,0.144281,0.144619,0.144687,0.14447,0.144345,0.144119,0.144306,0.144381,0.144381,0.14414,0.144218,0.144195,0.143967,0.144336,0.144438,0.144254,0.144163,0.14401,0.143865,0.144195,0.143982,0.144159,0.144162,0.144134,0.144266,0.144223,0.144293,0.144046,0.144569,0.144243,0.144545,0.144019,0.143677,0.143718,0.143844,0.143674,0.144038,0.143905,0.143782,0.143828,0.143801,0.144007,0.14386,0.143864,0.143724,0.144026,0.143969,0.143804,0.143821,0.143464,0.143531,0.143552,0.143446
0.125,"Red",3,"Un_0021 1/1",0.159991,0.144381,0.142759,0.141394,0.140026,0.139246,0.137792,0.138227,0.137346,0.136253,0.136368,0.135992,0.135873,0.135518,0.135412,0.135441,0.135109,0.134531,0.134227,0.134374,0.134498,0.134121,0.134664,0.133886,0.134545,0.134558,0.134955,0.134305,0.134525,0.13438,0.134607,0.134918,0.134518,0.134887,0.134644,0.134863,0.135165,0.135163,0.135049,0.134892,0.135263,0.135293,0.134845,0.135309,0.13516,0.135221,0.135222,0.134845,0.135643,0.135304,0.135207,0.135299,0.135335,0.135184,0.135411,0.135319,0.135145,0.135753,0.135762,0.135717,0.135185,0.1353,0.135057,0.135392,0.135379,0.135403,0.135115,0.134914,0.135103,0.134899,0.135183,0.134785,0.134757,0.135031,0.134588,0.134891,0.13497,0.134942,0.134762,0.13514,0.134845,0.134882,0.134999,0.134842,0.134998,0.134957,0.134847,0.134529,0.134358,0.134452,0.134262,0.134647,0.134525,0.134547,0.13453,0.134285,0.134658,0.134356,0.134397,0.134258,0.134055,0.13404,0.134372,0.134417,0.134151,0.133857,0.133861,0.133991,0.133774
0.0625,"Red",3,"Un_0022 1/1",0.153655,0.135322,0.13346,0.131854,0.131094,0.130403,0.130162,0.129364,0.128711,0.128718,0.128735,0.128406,0.128143,0.127963,0.127782,0.127856,0.127972,0.127889,0.127434,0.127096,0.127341,0.127384,0.127291,0.127406,0.127257,0.127685,0.127642,0.127302,0.127521,0.127476,0.127707,0.127975,0.127857,0.127564,0.128201,0.128139,0.12856,0.128398,0.128716,0.128744,0.129082,0.12924,0.12943,0.129532,0.129584,0.129462,0.130097,0.130322,0.130574,0.130505,0.130958,0.131196,0.131381,0.131362,0.131549,0.132185,0.132358,0.132923,0.132958,0.133432,0.133323,0.1334,0.133971,0.134343,0.134512,0.134534,0.135199,0.135171,0.135454,0.136108,0.136359,0.136767,0.136577,0.137227,0.137294,0.138099,0.138279,0.138603,0.138706,0.13905,0.139342,0.139701,0.140155,0.140744,0.141204,0.141057,0.141794,0.141798,0.142641,0.142986,0.14328,0.144131,0.144675,0.145264,0.145894,0.147156,0.148161,0.149508,0.150381,0.151902,0.154056,0.155993,0.158778,0.16175,0.165448,0.168136,0.172517,0.177235,0.182521
0.03125,"Red",3,"Un_0023 1/1",0.112108,0.106159,0.104701,0.103317,0.102645,0.102002,0.101516,0.101219,0.101078,0.100891,0.100582,0.100622,0.100584,0.100162,0.100086,0.100222,0.100127,0.100249,0.0996941,0.0999494,0.100409,0.100486,0.100394,0.100755,0.101059,0.101794,0.102581,0.102903,0.104408,0.105177,0.107291,0.109098,0.111181,0.114318,0.117523,0.121599,0.12548,0.130071,0.134577,0.140162,0.146441,0.153623,0.160088,0.168083,0.175459,0.18428,0.192526,0.202181,0.211161,0.220612,0.230314,0.238939,0.248097,0.257825,0.266504,0.275351,0.283995,0.293625,0.303471,0.312246,0.322306,0.334182,0.343618,0.354791,0.363687,0.375186,0.386591,0.398589,0.408143,0.418633,0.428167,0.436166,0.444942,0.452227,0.457546,0.464708,0.470697,0.475004,0.478279,0.482322,0.484342,0.487773,0.489692,0.491505,0.494451,0.495584,0.497361,0.498359,0.499966,0.500268,0.501733,0.503097,0.504145,0.505117,0.506805,0.50714,0.507237,0.507218,0.50638,0.506827,0.507582,0.507195,0.507925,0.508125,0.509547,0.51016,0.509583,0.509712,0.509862
0,"Red",3,"Un_0024 1/1",0.104369,0.0872962,0.0857083,0.0849167,0.084289,0.0836878,0.0834755,0.0826903,0.0826147,0.0827325,0.0819755,0.082354,0.0818655,0.0819538,0.0817226,0.0816977,0.0818081,0.0816798,0.0812115,0.0817188,0.082037,0.0823135,0.08271,0.0838879,0.0845656,0.0864517,0.0883312,0.0908592,0.0938497,0.0983747,0.103436,0.109303,0.115833,0.122987,0.131,0.139469,0.149829,0.16029,0.168322,0.180124,0.192227,0.203197,0.216528,0.230909,0.242178,0.253133,0.264938,0.277488,0.289585,0.305958,0.319875,0.331515,0.343578,0.357937,0.371229,0.384468,0.396891,0.410121,0.423946,0.437079,0.449916,0.460324,0.470696,0.481054,0.490687,0.499434,0.50818,0.51575,0.52216,0.527277,0.531795,0.535763,0.540764,0.542487,0.544225,0.546027,0.547864,0.548295,0.550501,0.551913,0.553391,0.555542,0.556253,0.558259,0.560217,0.561352,0.562032,0.562507,0.56325,0.563717,0.565901,0.56532,0.566322,0.567182,0.568077,0.570541,0.571074,0.573513,0.572279,0.573556,0.575528,0.574363,0.575759,0.57681,0.577814,0.578692,0.578835,0.579575,0.581213
2,"Red_w_o",1,"Un_0025 1/1",0.365911,0.258966,0.247672,0.241839,0.238157,0.235782,0.233134,0.231518,0.229621,0.228388,0.227003,0.226423,0.225606,0.224906,0.224122,0.22296,0.22264,0.222443,0.221493,0.220728,0.221378,0.220566,0.220235,0.220307,0.220507,0.220785,0.219922,0.219509,0.219256,0.21932,0.219224,0.219099,0.219218,0.219438,0.21948,0.21985,0.219974,0.219494,0.219873,0.219455,0.219953,0.219902,0.220266,0.219672,0.219641,0.220184,0.220301,0.219889,0.220484,0.220405,0.220555,0.220303,0.220314,0.221104,0.220935,0.220935,0.221354,0.221745,0.222348,0.222112,0.221984,0.221881,0.222152,0.22181,0.221834,0.222204,0.222983,0.222304,0.222624,0.22283,0.222989,0.223236,0.222981,0.223158,0.223611,0.224158,0.223507,0.2239,0.224287,0.224181,0.223962,0.224515,0.224023,0.224584,0.224624,0.225354,0.224695,0.225049,0.224812,0.224839,0.225578,0.225225,0.225247,0.225558,0.225552,0.225418,0.226249,0.225684,0.225771,0.225916,0.226098,0.226208,0.226424,0.227312,0.226446,0.226124,0.226652,0.226604,0.226629
1,"Red_w_o",1,"Un_0026 1/1",0.328056,0.2701,0.253113,0.243346,0.241402,0.237077,0.234923,0.23259,0.232204,0.231226,0.230639,0.230395,0.230366,0.229641,0.23019,0.230349,0.229318,0.22991,0.229899,0.229488,0.229945,0.229288,0.229259,0.229908,0.229594,0.229413,0.229264,0.229157,0.22946,0.229286,0.229609,0.229594,0.229551,0.229318,0.229692,0.229392,0.230122,0.230131,0.230383,0.229911,0.230117,0.229785,0.230438,0.230217,0.23046,0.230419,0.230068,0.230486,0.231079,0.23136,0.231489,0.231194,0.231252,0.231435,0.2314,0.231943,0.231726,0.231994,0.232183,0.232123,0.231734,0.231692,0.232111,0.232424,0.232586,0.232562,0.23253,0.232633,0.232792,0.232969,0.232758,0.233262,0.233118,0.232707,0.232922,0.233716,0.233317,0.23326,0.233662,0.233925,0.233583,0.233846,0.233732,0.234188,0.234502,0.234781,0.234454,0.234013,0.234231,0.234126,0.234362,0.234519,0.234985,0.234784,0.234822,0.234601,0.235278,0.235281,0.235239,0.234836,0.234731,0.235085,0.235531,0.23551,0.235732,0.234955,0.235081,0.234794,0.235399
0.5,"Red_w_o",1,"Un_0027 1/1",0.216277,0.202377,0.187467,0.182101,0.177265,0.17355,0.171576,0.169081,0.168325,0.16897,0.168148,0.1678,0.168833,0.16768,0.167674,0.167773,0.168174,0.167865,0.168136,0.167505,0.167587,0.167656,0.16775,0.167571,0.168,0.167777,0.167975,0.167556,0.167947,0.167655,0.16808,0.167568,0.167599,0.167952,0.167803,0.167927,0.168642,0.167725,0.168194,0.168123,0.168074,0.168104,0.167972,0.168065,0.167992,0.168122,0.167713,0.168462,0.168712,0.168442,0.168475,0.168193,0.168413,0.16862,0.168641,0.168824,0.168519,0.169198,0.16899,0.168803,0.168661,0.168557,0.168626,0.168809,0.168728,0.168739,0.168628,0.168692,0.168473,0.16854,0.168786,0.168467,0.168324,0.168145,0.168015,0.168668,0.168313,0.168154,0.168347,0.1681,0.168085,0.167765,0.168052,0.168055,0.168399,0.168273,0.16852,0.167838,0.168011,0.167912,0.168152,0.167661,0.168089,0.168018,0.16787,0.168032,0.167938,0.168064,0.167921,0.168303,0.168071,0.167986,0.167895,0.167939,0.168093,0.167523,0.167665,0.167741,0.167758
0.25,"Red_w_o",1,"Un_0028 1/1",0.164128,0.161434,0.157418,0.153992,0.151598,0.149362,0.148137,0.146922,0.146799,0.146911,0.146426,0.14533,0.14565,0.14437,0.144157,0.144083,0.143693,0.143363,0.143106,0.142972,0.142728,0.143602,0.142855,0.142902,0.143399,0.143016,0.143061,0.143039,0.143325,0.142988,0.143234,0.143248,0.143158,0.143364,0.143477,0.143092,0.143524,0.143579,0.14372,0.144043,0.143783,0.143637,0.143922,0.143667,0.143789,0.143922,0.143776,0.143863,0.144087,0.144033,0.144041,0.1441,0.143848,0.143928,0.144161,0.143655,0.14342,0.144289,0.144002,0.144274,0.14407,0.143781,0.143756,0.143786,0.144075,0.143733,0.143474,0.143757,0.143507,0.143966,0.143836,0.143765,0.143746,0.14353,0.143414,0.143636,0.143794,0.143791,0.143478,0.143674,0.143676,0.14382,0.143442,0.143294,0.143743,0.143726,0.143567,0.143455,0.143197,0.14348,0.143716,0.14338,0.143205,0.14349,0.1433,0.143427,0.143482,0.143611,0.143383,0.143363,0.142838,0.143197,0.143409,0.143245,0.143272,0.143046,0.1429,0.14282,0.143138
0.125,"Red_w_o",1,"Un_0029 1/1",0.148982,0.135825,0.134308,0.132501,0.13111,0.129843,0.129453,0.128634,0.128306,0.128579,0.128186,0.127882,0.128562,0.127827,0.127478,0.128173,0.127393,0.127054,0.127825,0.127322,0.126591,0.127884,0.127074,0.126981,0.1278,0.127198,0.127491,0.12716,0.126883,0.126494,0.127206,0.126741,0.126909,0.127486,0.127095,0.127327,0.127697,0.127686,0.127295,0.127512,0.127227,0.12749,0.127262,0.127353,0.127288,0.127297,0.127062,0.127062,0.127625,0.127453,0.127148,0.127458,0.127317,0.127045,0.127163,0.12762,0.127363,0.12771,0.127543,0.12759,0.127308,0.127416,0.126696,0.127366,0.127198,0.127364,0.12695,0.12691,0.127,0.126942,0.127324,0.127258,0.127186,0.127062,0.127143,0.127456,0.127341,0.127056,0.127116,0.126887,0.1268,0.127034,0.127241,0.126862,0.127404,0.127027,0.127082,0.126783,0.126924,0.127242,0.127024,0.126962,0.12691,0.127176,0.126895,0.127179,0.12707,0.126939,0.126752,0.127087,0.126912,0.126842,0.127224,0.127215,0.127124,0.126548,0.126399,0.126402,0.126663
0.0625,"Red_w_o",1,"Un_0030 1/1",0.140804,0.127412,0.126581,0.125861,0.125394,0.12583,0.125241,0.12525,0.1251,0.124865,0.124682,0.12482,0.124541,0.124611,0.123974,0.124581,0.124379,0.124056,0.123706,0.123555,0.123781,0.124064,0.124549,0.123695,0.124218,0.124265,0.124518,0.123995,0.124113,0.123893,0.124073,0.124127,0.123721,0.124071,0.123865,0.12394,0.124567,0.124346,0.12431,0.124577,0.124497,0.124957,0.124418,0.124058,0.124214,0.124455,0.124583,0.124383,0.124764,0.124663,0.124625,0.124659,0.124648,0.12495,0.124745,0.124178,0.124589,0.125224,0.124928,0.12499,0.125094,0.124852,0.124678,0.125054,0.125062,0.124864,0.125014,0.124485,0.125074,0.124759,0.124565,0.124852,0.124646,0.124629,0.124601,0.124917,0.12473,0.124875,0.124802,0.124711,0.124768,0.124629,0.124528,0.124923,0.124628,0.124515,0.124509,0.124232,0.124343,0.124211,0.124351,0.124076,0.124606,0.124296,0.124599,0.124868,0.124191,0.124236,0.124194,0.124598,0.124542,0.124234,0.124721,0.12426,0.124345,0.123812,0.124105,0.123788,0.124048
0.03125,"Red_w_o",1,"Un_0031 1/1",0.130194,0.115585,0.114065,0.113264,0.112857,0.11227,0.111527,0.111549,0.111357,0.110949,0.111108,0.110502,0.1103,0.110218,0.110203,0.10979,0.109564,0.109281,0.109185,0.109189,0.109196,0.109366,0.109457,0.109838,0.109471,0.10916,0.109434,0.109094,0.109113,0.109115,0.108447,0.108529,0.108883,0.10886,0.108639,0.108911,0.108835,0.109033,0.108808,0.109026,0.10886,0.108745,0.108467,0.10874,0.108492,0.108814,0.1087,0.108426,0.108565,0.109082,0.108803,0.108554,0.108609,0.108499,0.108438,0.10845,0.108811,0.108579,0.108655,0.108539,0.10818,0.10858,0.108073,0.108176,0.108005,0.108291,0.107978,0.107917,0.107986,0.107745,0.107748,0.107899,0.107818,0.107822,0.107378,0.107761,0.107779,0.107557,0.107529,0.10741,0.1076,0.107387,0.107567,0.107263,0.10745,0.107453,0.107528,0.107216,0.107298,0.107223,0.107053,0.10675,0.107038,0.107079,0.107237,0.107026,0.106888,0.106504,0.106613,0.106632,0.106595,0.10668,0.10721,0.106696,0.106753,0.106104,0.106174,0.10589,0.106218
0,"Red_w_o",1,"Un_0032 1/1",0.0979674,0.0854677,0.0833821,0.0828882,0.0825519,0.081807,0.0811144,0.0807821,0.0807655,0.080645,0.0800247,0.0801178,0.0799524,0.0800424,0.0797319,0.0798761,0.079784,0.0793,0.0792164,0.0793294,0.0792939,0.07939,0.0792868,0.0788579,0.0792321,0.0791823,0.0792636,0.0787948,0.0785757,0.0785331,0.078684,0.0785372,0.0782931,0.0785137,0.0782355,0.0785217,0.0784126,0.0782671,0.0781996,0.0783248,0.0780821,0.0782566,0.0778903,0.0778671,0.0780303,0.0781413,0.0781914,0.0777616,0.0779971,0.0779159,0.0779542,0.0778376,0.0772506,0.0774197,0.0775026,0.0775098,0.0773353,0.0778436,0.0777692,0.0778016,0.0774398,0.0771073,0.0772778,0.077153,0.0771463,0.0772875,0.077191,0.0770027,0.0770508,0.0771119,0.0771053,0.0770023,0.0768168,0.0769797,0.0766169,0.0770974,0.0771366,0.0769977,0.0768989,0.0770217,0.0767405,0.0771924,0.0771495,0.0772617,0.0772567,0.0773976,0.0774082,0.0768007,0.0770145,0.0770974,0.0771775,0.0772678,0.0772359,0.0774921,0.0775448,0.0774274,0.0773392,0.0773834,0.0772851,0.0775967,0.0775917,0.0774579,0.0779197,0.0777281,0.0781323,0.0771816,0.0773925,0.0773736,0.0775571
2,"White",1,"Un_0033 1/1",0.130609,0.100541,0.097126,0.0962313,0.0964996,0.0958153,0.0951607,0.0953101,0.0946416,0.0946502,0.0944368,0.0942434,0.0945561,0.0946943,0.0946565,0.0946599,0.0945885,0.0946055,0.0946784,0.0948751,0.0949253,0.0951405,0.0952284,0.0953002,0.0956208,0.0955499,0.0954255,0.0957559,0.0957297,0.0958134,0.0962491,0.0961604,0.0960321,0.0961514,0.0963684,0.0963145,0.0966204,0.0967432,0.0965688,0.0966784,0.0967272,0.0972052,0.0970938,0.0974917,0.0971264,0.09748,0.0974751,0.0973766,0.0977019,0.0979049,0.0980009,0.097901,0.0974968,0.0975484,0.0977534,0.0977886,0.097853,0.0983113,0.0984947,0.0986552,0.0981842,0.0982665,0.0984595,0.0986591,0.0990184,0.0985734,0.098647,0.0986197,0.0985483,0.0988172,0.0988235,0.0987937,0.0987379,0.098746,0.098759,0.0993139,0.0994127,0.099114,0.0989414,0.09931,0.0995667,0.0994349,0.0993355,0.0996895,0.0999022,0.100119,0.0999726,0.0996647,0.0996486,0.0996389,0.099678,0.0995876,0.0998225,0.0999108,0.0998205,0.100146,0.10011,0.100262,0.100454,0.100198,0.100273,0.100577,0.100475,0.100436,0.100539,0.100148,0.100093,0.100414,0.100691
1,"White",1,"Un_0034 1/1",0.129747,0.10737,0.105267,0.104591,0.103812,0.102874,0.101919,0.101661,0.101378,0.101191,0.10079,0.100357,0.100111,0.0995897,0.0996589,0.098975,0.0986609,0.0983675,0.0978311,0.0972254,0.0973461,0.0974602,0.0973191,0.097357,0.0974801,0.0974049,0.096732,0.0973026,0.0971187,0.0970569,0.0973816,0.0971941,0.0972057,0.0971821,0.0969798,0.0971042,0.0976665,0.0970365,0.0975181,0.0972457,0.0970693,0.0971266,0.096823,0.0968531,0.097012,0.096431,0.0966722,0.0969828,0.0969287,0.0968539,0.096931,0.0966185,0.0967176,0.0965759,0.0963848,0.0967694,0.0965957,0.0970316,0.0971526,0.096978,0.096355,0.0966082,0.096937,0.0967062,0.0964588,0.0965132,0.096523,0.09666,0.096461,0.0967766,0.0966202,0.0965239,0.0965354,0.096289,0.0962968,0.0965868,0.0966118,0.0964106,0.096625,0.096671,0.0963843,0.0964507,0.0963723,0.0964031,0.0967494,0.0967304,0.0968709,0.0963428,0.0960444,0.0963045,0.0963712,0.0963624,0.0963777,0.0966174,0.0964349,0.0963174,0.0962476,0.0964171,0.0964601,0.0969182,0.0963911,0.0967323,0.0966194,0.0965296,0.0963775,0.0960573,0.0960161,0.0959947,0.0964881
0.5,"White",1,"Un_0035 1/1",0.130612,0.102936,0.101241,0.0998864,0.0992594,0.0988684,0.0987322,0.0981965,0.0980793,0.0980941,0.098221,0.0980056,0.0983095,0.0985083,0.0980947,0.0981714,0.0980589,0.097925,0.0979433,0.0979293,0.0980277,0.0981,0.0980804,0.0979974,0.0982816,0.0982953,0.0984985,0.0984808,0.098175,0.0982823,0.0984862,0.0986067,0.0986235,0.0993474,0.0993064,0.0992161,0.0997148,0.0998738,0.100085,0.0999955,0.0999286,0.100345,0.100883,0.100571,0.101059,0.100902,0.101226,0.101125,0.102019,0.101887,0.102046,0.102256,0.102694,0.102523,0.102955,0.103058,0.10319,0.104126,0.104313,0.104239,0.104197,0.104763,0.105127,0.105405,0.105635,0.105703,0.106216,0.106276,0.106508,0.107098,0.107269,0.107188,0.107542,0.107993,0.108287,0.108653,0.109037,0.109291,0.109757,0.110071,0.110515,0.110597,0.110964,0.111512,0.111925,0.112517,0.112931,0.113054,0.113399,0.114002,0.114247,0.114441,0.114744,0.115373,0.115939,0.1159,0.116292,0.117047,0.117293,0.117518,0.118503,0.118767,0.11948,0.119695,0.120449,0.120202,0.120514,0.121341,0.121858
0.25,"White",1,"Un_0036 1/1",0.116959,0.108118,0.106681,0.106304,0.105942,0.106553,0.105857,0.106019,0.106031,0.106111,0.105815,0.106123,0.106299,0.106295,0.106106,0.105765,0.106033,0.106049,0.106214,0.106405,0.106237,0.106065,0.106891,0.106866,0.107209,0.107516,0.107648,0.107694,0.107779,0.107968,0.108651,0.109013,0.108962,0.109717,0.11014,0.11035,0.111084,0.111484,0.112039,0.112443,0.112719,0.113582,0.114023,0.114392,0.115384,0.116055,0.116706,0.117619,0.119036,0.119548,0.120473,0.121402,0.12232,0.123624,0.124842,0.126476,0.127893,0.130347,0.132654,0.135113,0.137699,0.140359,0.144181,0.147757,0.151652,0.155885,0.160187,0.165077,0.171153,0.177138,0.183526,0.190041,0.197502,0.204815,0.211865,0.220444,0.227934,0.236077,0.244567,0.252293,0.260399,0.267854,0.276205,0.284,0.292139,0.300564,0.307587,0.313164,0.319362,0.324466,0.329798,0.333204,0.337542,0.342072,0.345726,0.348441,0.352271,0.355292,0.357314,0.359809,0.363055,0.365101,0.368478,0.36886,0.370329,0.371355,0.372736,0.373544,0.375131
0.125,"White",1,"Un_0037 1/1",0.128458,0.109753,0.108236,0.107865,0.107984,0.108496,0.108954,0.109695,0.109547,0.109419,0.109586,0.109043,0.108986,0.108501,0.108242,0.108009,0.108186,0.108061,0.108148,0.108664,0.10857,0.108436,0.109385,0.109359,0.109982,0.110737,0.111718,0.112329,0.113725,0.115277,0.117016,0.119535,0.121956,0.125311,0.128792,0.132906,0.137564,0.14289,0.148757,0.155762,0.163203,0.171007,0.179121,0.187573,0.196926,0.205969,0.216074,0.226073,0.236778,0.245456,0.254454,0.2648,0.272771,0.281889,0.291635,0.300131,0.30852,0.317756,0.325722,0.333132,0.341019,0.351293,0.360519,0.367987,0.376412,0.386422,0.395262,0.40385,0.410565,0.418094,0.424745,0.430494,0.436883,0.441623,0.446329,0.451787,0.455073,0.457726,0.461146,0.463025,0.464588,0.467194,0.467812,0.468542,0.470687,0.471678,0.471856,0.472878,0.47344,0.473707,0.475347,0.475358,0.475265,0.476504,0.477249,0.477277,0.478063,0.47848,0.478606,0.478631,0.47851,0.47826,0.478207,0.478394,0.478857,0.478216,0.477263,0.477312,0.477125
0.0625,"White",1,"Un_0038 1/1",0.0976218,0.090848,0.0888634,0.0879884,0.0874403,0.0869009,0.0865235,0.0860811,0.0858094,0.0853396,0.0855472,0.0856549,0.0856816,0.0855086,0.085305,0.0852856,0.0851457,0.085233,0.084928,0.0850563,0.0854616,0.0853455,0.0860364,0.0866082,0.0875755,0.088227,0.0893857,0.0905728,0.0928919,0.0960572,0.0991461,0.103078,0.107826,0.113214,0.11917,0.12608,0.133809,0.142506,0.151526,0.160564,0.170598,0.180945,0.191603,0.200199,0.207841,0.218442,0.22771,0.238269,0.247115,0.256853,0.264699,0.273816,0.28143,0.289736,0.298639,0.305917,0.314863,0.322474,0.331445,0.337381,0.349395,0.355167,0.361445,0.370045,0.379128,0.384308,0.391476,0.398532,0.402413,0.408426,0.412092,0.416504,0.421323,0.423336,0.426456,0.430274,0.431593,0.433651,0.436542,0.437434,0.439002,0.441128,0.441355,0.442257,0.444088,0.444275,0.444974,0.445885,0.446283,0.447076,0.448764,0.449084,0.44996,0.451759,0.451846,0.451828,0.452327,0.452491,0.45238,0.452019,0.452222,0.451993,0.452578,0.453187,0.453973,0.453744,0.453908,0.454176,0.455554
0.03125,"White",1,"Un_0039 1/1",0.104233,0.0928467,0.090346,0.0891152,0.0882689,0.0869549,0.0867556,0.0861505,0.0860841,0.0857659,0.0856744,0.0852919,0.0851608,0.0848639,0.0850981,0.0849625,0.0847673,0.0846936,0.0846593,0.0846263,0.0849875,0.0853085,0.0856758,0.0858878,0.0868865,0.0880138,0.0893148,0.0916164,0.093823,0.0973123,0.101009,0.105786,0.110345,0.116674,0.123097,0.129497,0.137944,0.144866,0.154771,0.164359,0.173334,0.181984,0.191283,0.199683,0.209081,0.21804,0.227198,0.236924,0.246466,0.255127,0.264022,0.272398,0.280266,0.289133,0.297169,0.304,0.311955,0.32054,0.328143,0.336079,0.343453,0.354783,0.366758,0.3773,0.386147,0.394023,0.401679,0.407915,0.414972,0.420227,0.425992,0.430881,0.435542,0.438506,0.443962,0.448146,0.452395,0.454774,0.4585,0.461608,0.464599,0.46774,0.469433,0.471212,0.474777,0.476656,0.478352,0.481838,0.483459,0.485778,0.488284,0.489761,0.491408,0.494006,0.494736,0.49585,0.498055,0.500075,0.500993,0.503099,0.504404,0.506075,0.507697,0.509895,0.511125,0.512812,0.514036,0.515588,0.517567
0,"White",1,"Un_0040 1/1",0.0992528,0.0842012,0.08212,0.0808338,0.0802399,0.0791416,0.0785926,0.0778057,0.0778676,0.0781604,0.0779363,0.077686,0.0775517,0.0773149,0.0772099,0.0772764,0.076995,0.0773373,0.0768522,0.0772488,0.0772918,0.0780198,0.0787151,0.0792566,0.0808908,0.0822807,0.0845142,0.0874682,0.0911387,0.0957748,0.101175,0.107429,0.114419,0.122918,0.131784,0.141883,0.152502,0.163672,0.176206,0.192235,0.206199,0.220438,0.234467,0.246435,0.256477,0.267936,0.279385,0.292072,0.30384,0.315385,0.326868,0.339136,0.348831,0.364554,0.37409,0.385867,0.396967,0.411341,0.419201,0.428282,0.436952,0.442632,0.450038,0.460181,0.464136,0.468837,0.477462,0.481138,0.482656,0.487546,0.490276,0.491034,0.4947,0.494952,0.497038,0.498539,0.498238,0.497734,0.498241,0.498208,0.498958,0.500133,0.498688,0.498884,0.500029,0.499892,0.499531,0.500444,0.500258,0.499861,0.500137,0.499743,0.499462,0.500023,0.499893,0.49969,0.499939,0.499243,0.4981,0.499439,0.498893,0.499507,0.499388,0.499303,0.498948,0.499501,0.499016,0.4993,0.49947
2,"White",2,"Un_0041 1/1",0.145902,0.109188,0.106296,0.10477,0.103871,0.103221,0.101953,0.10129,0.101141,0.101254,0.100787,0.100462,0.100323,0.0997384,0.100055,0.0994045,0.099591,0.0996771,0.0999249,0.099641,0.0999994,0.100038,0.0998953,0.0999123,0.100188,0.0999132,0.100289,0.0999146,0.0998113,0.100156,0.100266,0.100367,0.100611,0.100494,0.100778,0.100667,0.100906,0.100932,0.101132,0.101493,0.101264,0.10122,0.101074,0.101591,0.101007,0.101528,0.101147,0.101112,0.101703,0.102297,0.10274,0.103437,0.102549,0.102443,0.102258,0.102099,0.102534,0.102578,0.103947,0.104334,0.103054,0.102604,0.102638,0.102993,0.10291,0.103771,0.104482,0.104103,0.103205,0.10315,0.103023,0.103215,0.104246,0.105019,0.10441,0.104089,0.103602,0.103689,0.103846,0.104052,0.105264,0.105135,0.104862,0.103977,0.104117,0.104293,0.104357,0.104068,0.105272,0.105683,0.105438,0.104458,0.104235,0.104655,0.104556,0.10507,0.105568,0.106446,0.106246,0.105301,0.104639,0.104489,0.104893,0.104809,0.105218,0.106066,0.106427,0.105791,0.105264
1,"White",2,"Un_0042 1/1",0.141475,0.104337,0.101984,0.100782,0.100464,0.100034,0.0994549,0.0994484,0.0994028,0.098958,0.099352,0.0994456,0.0999265,0.0991479,0.0996688,0.0997282,0.099921,0.0995414,0.0992289,0.0991813,0.0993799,0.0995998,0.0995002,0.0992274,0.0991131,0.0991923,0.0993818,0.0990904,0.0988056,0.0986322,0.099144,0.0990709,0.0990389,0.098716,0.0990305,0.0988608,0.0992241,0.0992721,0.0988767,0.0990295,0.0995211,0.0990094,0.0989379,0.0990758,0.0989685,0.0988276,0.0987277,0.0987828,0.0992692,0.0995647,0.0995745,0.0993431,0.0990128,0.098928,0.0993692,0.0992564,0.0989222,0.0995354,0.0997433,0.0996445,0.0990446,0.0990187,0.0990556,0.0994568,0.0994058,0.0995095,0.0989169,0.0992952,0.0992354,0.0992927,0.0989466,0.0993644,0.099292,0.099259,0.0991353,0.0995092,0.0995593,0.0996507,0.0992714,0.0994025,0.0994168,0.0994868,0.0993032,0.0995268,0.0995255,0.099894,0.099779,0.0993778,0.0991705,0.0993239,0.0993179,0.0991286,0.0995275,0.0999076,0.0993818,0.0991348,0.0995757,0.0994799,0.0994294,0.0994892,0.0996066,0.0994315,0.0997114,0.0996325,0.099639,0.0989428,0.0993151,0.0993425,0.0994054
0.5,"White",2,"Un_0043 1/1",0.134839,0.102119,0.100314,0.0997802,0.0990688,0.0991097,0.0984433,0.0980974,0.0977187,0.0979721,0.0978347,0.0976858,0.0980613,0.0978082,0.097737,0.0980851,0.0978906,0.0978162,0.0979689,0.0978528,0.0977305,0.0984394,0.0981408,0.0984859,0.098818,0.0989026,0.098784,0.0986592,0.0988507,0.0988881,0.0988568,0.0991886,0.0991608,0.0995574,0.0996926,0.0996123,0.0999627,0.10019,0.100214,0.100347,0.100571,0.100598,0.10083,0.100523,0.100903,0.100807,0.101527,0.101356,0.102045,0.102023,0.102354,0.102139,0.102232,0.10256,0.103118,0.102912,0.103166,0.103533,0.103813,0.10395,0.104112,0.104465,0.103997,0.104752,0.104502,0.104839,0.105296,0.105388,0.105931,0.106005,0.106018,0.106243,0.106463,0.106686,0.107,0.107465,0.107954,0.108063,0.107915,0.108291,0.108432,0.109109,0.10936,0.109783,0.11007,0.110198,0.11064,0.110628,0.110746,0.111269,0.111945,0.111859,0.111961,0.112664,0.112782,0.113343,0.113447,0.114044,0.114068,0.114473,0.114741,0.115023,0.115846,0.116215,0.11668,0.116665,0.116821,0.11736,0.117581
0.25,"White",2,"Un_0044 1/1",0.0998479,0.0954301,0.0943722,0.0936183,0.093316,0.0925906,0.0918867,0.0915861,0.092021,0.0919158,0.0914219,0.0917381,0.0918075,0.0915873,0.0915371,0.0916691,0.0913864,0.0918292,0.0915874,0.0916759,0.0914939,0.0918733,0.0919832,0.0918083,0.0925916,0.0927031,0.0928188,0.0929495,0.0928311,0.0930056,0.0934191,0.093623,0.0939905,0.0944489,0.0947318,0.0950251,0.0955545,0.0958296,0.0965049,0.0970737,0.0975904,0.0976492,0.0982758,0.0989089,0.0993914,0.0999001,0.100664,0.101482,0.102186,0.103237,0.103803,0.10475,0.105467,0.106596,0.107717,0.108908,0.110478,0.112097,0.114068,0.115797,0.117561,0.120095,0.122907,0.125588,0.128861,0.13257,0.136037,0.140219,0.144457,0.149562,0.15448,0.160321,0.16607,0.172002,0.178378,0.185331,0.192184,0.199486,0.206844,0.214601,0.222358,0.229222,0.237328,0.244333,0.252747,0.261219,0.268919,0.275481,0.283165,0.290024,0.295411,0.301872,0.305543,0.310583,0.313371,0.316631,0.319254,0.321576,0.324779,0.328075,0.330489,0.333335,0.335825,0.337513,0.340075,0.340688,0.34182,0.342306,0.344931
0.125,"White",2,"Un_0045 1/1",0.10533,0.0956141,0.0952563,0.0947312,0.0944363,0.0940884,0.0941254,0.0938349,0.0938173,0.0941489,0.0943859,0.0939219,0.0941546,0.0940619,0.0942012,0.0941516,0.0938864,0.0941659,0.0939109,0.0946284,0.0941273,0.0947324,0.0949589,0.0949422,0.095379,0.0960266,0.096586,0.0970644,0.0980407,0.0987772,0.100449,0.102349,0.103983,0.106963,0.10933,0.112614,0.116507,0.120165,0.125294,0.131135,0.137065,0.144041,0.151126,0.15907,0.167464,0.177391,0.185472,0.194035,0.203658,0.213173,0.223172,0.231365,0.24123,0.249242,0.258388,0.267409,0.274635,0.283524,0.292034,0.29968,0.308121,0.316383,0.324465,0.332971,0.341924,0.34936,0.357859,0.36631,0.372964,0.38061,0.386359,0.391703,0.398317,0.403998,0.409274,0.413037,0.417673,0.420629,0.423872,0.425841,0.427943,0.431156,0.431373,0.432593,0.434147,0.435707,0.436005,0.43752,0.437425,0.437831,0.439467,0.43943,0.440844,0.442626,0.444863,0.445003,0.446586,0.447495,0.448694,0.447417,0.447308,0.447007,0.447594,0.447468,0.44653,0.446198,0.445709,0.446034,0.445377
0.0625,"White",2,"Un_0046 1/1",0.113021,0.105074,0.103439,0.103436,0.103706,0.10339,0.10315,0.102755,0.102902,0.102337,0.102675,0.102311,0.10228,0.102485,0.10246,0.102363,0.102172,0.102563,0.102992,0.102875,0.103259,0.104061,0.105268,0.106364,0.107666,0.110006,0.112392,0.116224,0.120691,0.126384,0.132128,0.138955,0.146283,0.154247,0.162552,0.17078,0.181697,0.188554,0.196192,0.206348,0.214856,0.222915,0.231845,0.240969,0.248256,0.257251,0.263799,0.271821,0.279631,0.287978,0.294643,0.302398,0.308625,0.31573,0.323361,0.328995,0.335779,0.342885,0.350108,0.357097,0.363705,0.370782,0.377968,0.385534,0.391472,0.39935,0.405963,0.410158,0.415474,0.421702,0.425379,0.429296,0.433374,0.436166,0.439759,0.443779,0.446334,0.448271,0.450949,0.453564,0.454646,0.455766,0.457157,0.458082,0.459676,0.460499,0.461504,0.460962,0.462086,0.463946,0.464133,0.46475,0.465433,0.466637,0.466838,0.467955,0.4679,0.468713,0.46926,0.469665,0.469603,0.470565,0.471583,0.471336,0.472372,0.471812,0.472331,0.473677,0.473746
0.03125,"White",2,"Un_0047 1/1",0.105381,0.0875714,0.0857585,0.0850613,0.0843098,0.0843123,0.0835644,0.08339,0.0831864,0.0834196,0.0832992,0.083312,0.0836755,0.0832589,0.0834646,0.0835625,0.0835143,0.0836375,0.0834892,0.0837073,0.0836726,0.083976,0.0846138,0.0852688,0.0863593,0.087719,0.0898566,0.0917554,0.094715,0.0988939,0.102892,0.10765,0.114004,0.119963,0.127075,0.134472,0.142936,0.151683,0.160676,0.170467,0.180467,0.188243,0.198991,0.210611,0.219411,0.228293,0.235907,0.245625,0.25558,0.263207,0.271532,0.279446,0.286797,0.294936,0.303174,0.310829,0.319837,0.327273,0.335724,0.342486,0.350499,0.356844,0.365363,0.372769,0.378841,0.387046,0.394065,0.401441,0.406569,0.412593,0.417728,0.422062,0.427399,0.430492,0.433274,0.436388,0.43943,0.441861,0.444176,0.446541,0.448505,0.449782,0.451167,0.452662,0.454556,0.456216,0.457157,0.458254,0.459168,0.459954,0.46033,0.460838,0.461088,0.461689,0.461911,0.462626,0.462604,0.462135,0.462954,0.463015,0.463018,0.463003,0.464253,0.464127,0.463842,0.463676,0.46466,0.464392,0.465475
0,"White",2,"Un_0048 1/1",0.0973795,0.0825119,0.0813233,0.0804529,0.0795221,0.0792972,0.0787295,0.0786467,0.0785428,0.0781539,0.0784704,0.078488,0.0785874,0.0780918,0.0782301,0.0782185,0.078463,0.0783375,0.0786377,0.0788096,0.0792234,0.080017,0.0803168,0.0815165,0.0828271,0.0846225,0.0869748,0.0901509,0.0937747,0.0980959,0.103897,0.110399,0.117325,0.125594,0.134696,0.143761,0.154246,0.165269,0.177514,0.186989,0.198619,0.214907,0.22207,0.232594,0.242515,0.252742,0.262535,0.273673,0.283772,0.294167,0.305019,0.314363,0.324051,0.334305,0.344315,0.353219,0.363204,0.374455,0.384606,0.394292,0.403949,0.412951,0.42166,0.431704,0.437827,0.444501,0.450428,0.456865,0.461886,0.468527,0.47196,0.476814,0.481311,0.483694,0.486114,0.490224,0.49208,0.493844,0.496419,0.498489,0.499333,0.501905,0.503803,0.504045,0.506869,0.508236,0.508548,0.509463,0.510855,0.511531,0.513293,0.514901,0.515845,0.517516,0.517291,0.518759,0.519841,0.520174,0.521874,0.522878,0.522656,0.523979,0.525466,0.525913,0.526926,0.527487,0.528659,0.529625,0.5309
2,"White",3,"Un_0049 1/1",0.137305,0.101881,0.0981296,0.0968876,0.0957057,0.094704,0.0951597,0.0951081,0.0952966,0.0952788,0.0951064,0.0944682,0.0949318,0.0946287,0.094314,0.0939442,0.0942032,0.0940801,0.0937562,0.0939275,0.0940253,0.0937686,0.0937957,0.0938529,0.0938964,0.0940795,0.093956,0.0937443,0.0935487,0.0938438,0.0939974,0.0936975,0.0939916,0.0938426,0.093801,0.0940852,0.093859,0.0940308,0.0941089,0.0939266,0.0940534,0.0942216,0.0942016,0.094118,0.0940224,0.094171,0.0945938,0.0947622,0.0945623,0.0947699,0.094908,0.094657,0.0946944,0.0946693,0.0947641,0.0945373,0.0950376,0.0950993,0.0954048,0.0956179,0.0951472,0.0953072,0.0951239,0.0949945,0.0950958,0.0953842,0.0959056,0.0961836,0.0951388,0.0956419,0.0954213,0.0956141,0.0952579,0.0956158,0.0959025,0.096901,0.0957709,0.0961556,0.0960316,0.0960863,0.0958855,0.0962077,0.0967779,0.0970159,0.0966053,0.0966867,0.0962207,0.0961333,0.095954,0.0960646,0.0969261,0.0972144,0.0967736,0.0967461,0.0966463,0.0967825,0.096605,0.0966329,0.0968514,0.0975302,0.0976777,0.0972709,0.0971627,0.0972494,0.097092,0.0966646,0.0964142,0.0968597,0.097683
1,"White",3,"Un_0050 1/1",0.138283,0.10902,0.106646,0.104523,0.103848,0.102697,0.102409,0.101704,0.101788,0.101827,0.101559,0.100959,0.101467,0.100957,0.100672,0.100543,0.100045,0.0999967,0.100035,0.0998593,0.0997941,0.100085,0.0991678,0.0991815,0.0990016,0.0989088,0.0988064,0.098671,0.0987166,0.0983599,0.0987624,0.0984306,0.0984997,0.0984801,0.0980927,0.0984259,0.0985817,0.0984044,0.098474,0.0983433,0.0984699,0.0982315,0.0985294,0.0980881,0.0980719,0.0982064,0.0980823,0.0980385,0.0984562,0.0983471,0.0984798,0.0978263,0.098107,0.0977937,0.0980131,0.0981528,0.0979717,0.0982707,0.0981251,0.0981857,0.0978816,0.0979817,0.0976577,0.0980785,0.0975571,0.0979397,0.0974654,0.0979125,0.0977333,0.0977984,0.0979032,0.0975999,0.0976583,0.0975564,0.0976079,0.0978997,0.0979374,0.097739,0.0979513,0.098045,0.0974301,0.09774,0.0978831,0.0977509,0.0982076,0.0981325,0.097818,0.0976117,0.0976656,0.0978785,0.0980347,0.0977652,0.0977411,0.0978548,0.0979688,0.0977846,0.0978578,0.0982389,0.0980769,0.097844,0.0977575,0.0979113,0.0980072,0.0982873,0.0979611,0.0973672,0.0972451,0.097478,0.0978805
0.5,"White",3,"Un_0051 1/1",0.125439,0.1082,0.106394,0.105927,0.105078,0.104577,0.104161,0.103443,0.103402,0.103359,0.102859,0.102921,0.10277,0.10266,0.102837,0.10278,0.103042,0.102866,0.102753,0.102709,0.10326,0.103019,0.103217,0.10326,0.103634,0.103883,0.10373,0.103865,0.104039,0.103736,0.104511,0.104305,0.104402,0.104827,0.104858,0.104904,0.105251,0.105119,0.105509,0.105472,0.105434,0.105926,0.105645,0.106175,0.106033,0.106015,0.106216,0.10652,0.107036,0.107275,0.107072,0.10681,0.107229,0.107231,0.107558,0.107742,0.107886,0.108462,0.108397,0.108721,0.108666,0.108727,0.109057,0.109195,0.109138,0.109535,0.109566,0.110099,0.110247,0.110586,0.110858,0.111071,0.110992,0.111322,0.111653,0.111971,0.112613,0.112383,0.112882,0.112908,0.113119,0.11343,0.113743,0.114004,0.114713,0.114364,0.115248,0.115072,0.115302,0.115522,0.115866,0.116261,0.116639,0.117099,0.116974,0.117528,0.117868,0.118094,0.118476,0.118581,0.11914,0.119523,0.119759,0.120051,0.120471,0.120106,0.120463,0.121179,0.121336
0.25,"White",3,"Un_0052 1/1",0.141364,0.113517,0.111251,0.110044,0.109207,0.108816,0.108001,0.107551,0.107335,0.107174,0.106648,0.106783,0.106532,0.106412,0.106178,0.106468,0.106269,0.106187,0.105881,0.10576,0.106159,0.106012,0.106228,0.105937,0.106463,0.106268,0.106403,0.106325,0.106337,0.10664,0.107052,0.106892,0.107007,0.107783,0.107835,0.108259,0.108512,0.108714,0.109138,0.109496,0.109877,0.109949,0.110555,0.110942,0.111652,0.112514,0.112517,0.113425,0.114229,0.114903,0.115357,0.115921,0.116418,0.117449,0.118441,0.119615,0.120625,0.122461,0.123679,0.125259,0.127153,0.129187,0.131155,0.134069,0.13709,0.140358,0.14332,0.147308,0.151849,0.156627,0.161834,0.166726,0.172231,0.177948,0.184368,0.191499,0.198108,0.205955,0.213351,0.221192,0.229153,0.236636,0.244256,0.251654,0.26031,0.267408,0.275673,0.282186,0.28971,0.2949,0.300682,0.305646,0.310591,0.315446,0.318291,0.321442,0.324511,0.327135,0.328474,0.330085,0.332375,0.334849,0.338115,0.339774,0.341211,0.343112,0.345181,0.348486,0.349586
0.125,"White",3,"Un_0053 1/1",0.126653,0.104412,0.102163,0.103595,0.100718,0.0965867,0.093635,0.0921316,0.0916603,0.0910237,0.0907791,0.0906947,0.0905911,0.0901137,0.0902399,0.0902716,0.0899754,0.0899893,0.0895625,0.0898234,0.0900509,0.0898619,0.0901592,0.0904666,0.0910396,0.091537,0.0924408,0.0932359,0.0945967,0.0961857,0.0981875,0.100478,0.103763,0.107255,0.111147,0.115006,0.120359,0.125868,0.132328,0.139343,0.146935,0.154851,0.163395,0.172314,0.182673,0.19014,0.199204,0.20882,0.218502,0.229443,0.239209,0.248385,0.258417,0.267476,0.276881,0.285502,0.294948,0.30475,0.312769,0.322807,0.330238,0.339886,0.347791,0.357774,0.365102,0.372647,0.382708,0.387637,0.395998,0.405594,0.411075,0.417712,0.42453,0.427936,0.433581,0.438964,0.441315,0.445843,0.448701,0.451471,0.452637,0.45552,0.456877,0.459534,0.461636,0.461082,0.462733,0.463294,0.464404,0.464867,0.466272,0.466495,0.466696,0.467548,0.467865,0.467928,0.468451,0.468253,0.469102,0.469827,0.469169,0.468987,0.46966,0.469625,0.469646,0.469226,0.468988,0.469537,0.469377
0.0625,"White",3,"Un_0054 1/1",0.110457,0.0868919,0.0852154,0.0839824,0.0833206,0.0829484,0.0823337,0.0820129,0.0817621,0.0819526,0.0817164,0.081798,0.0816617,0.0813571,0.081592,0.0815707,0.0815111,0.0816606,0.0816293,0.0819821,0.0822518,0.082401,0.0828712,0.0835093,0.0845372,0.0856545,0.087317,0.0887096,0.0912728,0.0940242,0.0978356,0.10229,0.106693,0.112749,0.119016,0.125686,0.133121,0.141321,0.149574,0.158968,0.169388,0.179825,0.188878,0.198028,0.208126,0.220407,0.230287,0.239599,0.249567,0.259693,0.267922,0.277509,0.28635,0.29598,0.304501,0.313984,0.322621,0.332292,0.341134,0.349203,0.357328,0.36727,0.377083,0.386987,0.395921,0.404999,0.415919,0.42327,0.430323,0.438083,0.442173,0.445527,0.450732,0.454439,0.457233,0.461651,0.463036,0.465866,0.467591,0.469199,0.469797,0.470657,0.472773,0.473086,0.474725,0.475485,0.476279,0.475738,0.476857,0.47723,0.477834,0.478368,0.478517,0.478617,0.479481,0.479422,0.479719,0.479205,0.478965,0.479106,0.47882,0.478709,0.47936,0.479938,0.480589,0.479903,0.480461,0.481381,0.481517
0.03125,"White",3,"Un_0055 1/1",0.107404,0.0917691,0.0894819,0.0879123,0.0871011,0.0863677,0.0858242,0.0853101,0.0846187,0.084614,0.0842354,0.0840989,0.0838091,0.0837482,0.0834671,0.0834447,0.082991,0.0831336,0.0830017,0.0829215,0.083195,0.0835279,0.0839556,0.0847895,0.0861156,0.0873853,0.0894108,0.0916648,0.0951119,0.0990341,0.103986,0.108774,0.114621,0.12241,0.129307,0.136797,0.14531,0.153176,0.161431,0.170259,0.181316,0.191577,0.203463,0.215027,0.226504,0.236388,0.245936,0.254405,0.262431,0.270054,0.277806,0.284805,0.293036,0.299954,0.307306,0.314968,0.321501,0.330089,0.336786,0.344351,0.351381,0.358534,0.365958,0.373706,0.380847,0.387098,0.395592,0.402065,0.408002,0.413777,0.419655,0.425655,0.431064,0.432492,0.437036,0.442889,0.447451,0.451445,0.455679,0.458584,0.461656,0.464278,0.467846,0.470005,0.472359,0.474474,0.47885,0.480765,0.482558,0.483969,0.487126,0.487523,0.489019,0.491187,0.492509,0.49366,0.494906,0.496062,0.49756,0.498796,0.500187,0.500612,0.503085,0.504138,0.505881,0.506735,0.50853,0.509782,0.511973
0,"White",3,"Un_0056 1/1",0.1255,0.11561,0.111398,0.108894,0.108964,0.109061,0.108597,0.109023,0.10912,0.109533,0.109717,0.109565,0.109441,0.109426,0.109325,0.109956,0.110271,0.110225,0.110847,0.111643,0.114507,0.11681,0.117412,0.117992,0.11978,0.121218,0.124672,0.127479,0.131882,0.135889,0.142909,0.148203,0.155935,0.164987,0.172553,0.182244,0.192064,0.202793,0.213947,0.228147,0.240816,0.255006,0.269801,0.279736,0.291621,0.302794,0.314126,0.325177,0.337217,0.348392,0.358134,0.367873,0.379661,0.390603,0.403429,0.415099,0.427846,0.440208,0.449831,0.46151,0.470996,0.480087,0.48694,0.494084,0.5021,0.508297,0.513325,0.518095,0.523162,0.526695,0.529701,0.532321,0.535069,0.536719,0.537981,0.539694,0.541112,0.541482,0.542003,0.541949,0.541832,0.543546,0.544502,0.544929,0.545587,0.546253,0.545852,0.545771,0.545196,0.545739,0.546018,0.545745,0.545453,0.545655,0.545147,0.545532,0.546123,0.546622,0.546909,0.547144,0.546263,0.547309,0.549063,0.550201,0.550251,0.550193,0.549877,0.550887,0.550808
2,"White_w_o",1,"Un_0057 1/1",0.118241,0.0951641,0.0921931,0.0902418,0.0894259,0.0896084,0.0893334,0.0894316,0.0894101,0.0905815,0.0908528,0.0908251,0.091045,0.0913826,0.09123,0.0911385,0.091304,0.0913866,0.0913138,0.0910706,0.0911208,0.0912641,0.0913129,0.0914315,0.0918579,0.0917514,0.0917693,0.0916444,0.0917058,0.0917931,0.092086,0.0921498,0.0918159,0.0920366,0.0922527,0.0919965,0.0927823,0.0927227,0.0929053,0.092956,0.0929619,0.0930799,0.0933949,0.0935397,0.0933575,0.0933448,0.0937144,0.0936793,0.0939164,0.0940773,0.0941703,0.0944815,0.0936992,0.0939825,0.0941086,0.0943624,0.0942152,0.094855,0.094625,0.0948474,0.0944817,0.0944331,0.0943925,0.0944914,0.0948067,0.0946843,0.0948069,0.0948396,0.0948324,0.0949015,0.0949623,0.0952439,0.095114,0.0950533,0.0951393,0.095293,0.0953382,0.0953869,0.0955852,0.0958809,0.0954286,0.0956499,0.0956712,0.0956309,0.0960703,0.0961367,0.0961645,0.0955904,0.0956655,0.0955918,0.0958406,0.0955402,0.0957905,0.095992,0.0962151,0.0965774,0.0960111,0.0962551,0.0961681,0.0964321,0.0963325,0.0962976,0.09687,0.0967792,0.0964231,0.0962028,0.0959072,0.0963127,0.0965581
1,"White_w_o",1,"Un_0058 1/1",0.162217,0.11928,0.116796,0.115814,0.115063,0.114477,0.11459,0.114165,0.113576,0.114497,0.113961,0.113668,0.113511,0.113353,0.113245,0.113416,0.112898,0.112581,0.112605,0.112424,0.112342,0.112611,0.112244,0.112532,0.112355,0.112263,0.11248,0.112302,0.11218,0.112243,0.112096,0.112253,0.112385,0.112195,0.112387,0.112095,0.112086,0.112358,0.112455,0.112387,0.112319,0.112061,0.112209,0.112491,0.112367,0.112134,0.112113,0.112297,0.11231,0.112386,0.112343,0.112411,0.112476,0.112012,0.112038,0.112242,0.112187,0.112502,0.112387,0.112297,0.112205,0.111973,0.111691,0.11165,0.112152,0.112069,0.111949,0.111676,0.111717,0.111877,0.112124,0.112142,0.11177,0.111983,0.111707,0.112039,0.111972,0.111702,0.11201,0.111656,0.11151,0.111804,0.111796,0.111443,0.112207,0.111926,0.111949,0.111397,0.111834,0.111316,0.11146,0.111606,0.111603,0.111737,0.11164,0.111493,0.111603,0.111413,0.111193,0.111568,0.111562,0.111598,0.111655,0.111447,0.112036,0.110936,0.111216,0.110998,0.111467
0.5,"White_w_o",1,"Un_0059 1/1",0.129263,0.107753,0.105945,0.104001,0.102941,0.102187,0.101416,0.101397,0.101219,0.100994,0.100496,0.100739,0.100393,0.099967,0.100334,0.100111,0.100104,0.0997577,0.100037,0.0996897,0.0994876,0.0996767,0.0992871,0.0997934,0.0996907,0.100037,0.099772,0.0994369,0.0994078,0.0993006,0.0996439,0.0990799,0.0994103,0.0995368,0.0991945,0.0993717,0.0995541,0.0997616,0.0995617,0.0995803,0.0991904,0.0991633,0.0993335,0.0994858,0.0994571,0.0992628,0.0995268,0.0992979,0.100039,0.0994405,0.0996132,0.0993723,0.0997879,0.0992885,0.0996382,0.0992572,0.0997703,0.100228,0.0999402,0.100098,0.099687,0.0996451,0.0997025,0.099846,0.0996044,0.100021,0.0997956,0.0998305,0.0997311,0.0998317,0.100231,0.0998703,0.0999413,0.0996778,0.0999285,0.0999632,0.100185,0.100154,0.09994,0.100366,0.100041,0.100195,0.100145,0.100232,0.100234,0.100419,0.100448,0.100156,0.100048,0.0999712,0.100523,0.100095,0.100287,0.100617,0.100379,0.100527,0.100489,0.100422,0.100453,0.100762,0.100374,0.100425,0.100717,0.100901,0.100657,0.100318,0.100135,0.100115,0.100243
0.25,"White_w_o",1,"Un_0060 1/1",0.127487,0.106546,0.103936,0.10259,0.101617,0.100863,0.100143,0.0997613,0.0995929,0.0996324,0.0991499,0.0991556,0.0989584,0.0988166,0.0988343,0.0986687,0.0983289,0.0987856,0.0984562,0.0984493,0.098528,0.0986102,0.0986152,0.0986502,0.09907,0.0987722,0.0987249,0.0984999,0.0987276,0.0987588,0.0986432,0.0985396,0.098538,0.0986261,0.0984405,0.0988065,0.0991262,0.0989474,0.0988518,0.0987392,0.0989503,0.0987641,0.0986399,0.0988752,0.0988085,0.0989589,0.0987614,0.0985769,0.098997,0.0991195,0.0988194,0.0984089,0.0985949,0.0983147,0.0985644,0.0987575,0.0984279,0.0988697,0.099046,0.0987621,0.0985542,0.0988437,0.0983248,0.0987934,0.0982951,0.0982847,0.0983817,0.0982613,0.0985661,0.0986585,0.098508,0.0984362,0.0982805,0.0982757,0.0981498,0.0983952,0.0982037,0.0984324,0.0984114,0.0981811,0.0983108,0.0980763,0.0982394,0.0982425,0.0982093,0.0987031,0.0983981,0.0982109,0.0978452,0.0980683,0.0982768,0.0980709,0.0981626,0.0980538,0.0980288,0.0978516,0.0981658,0.0981352,0.0979367,0.09802,0.0981592,0.0980073,0.0981606,0.0978969,0.0981168,0.0977036,0.0974337,0.0974718,0.0976313
0.125,"White_w_o",1,"Un_0061 1/1",0.113169,0.0952532,0.093088,0.0919132,0.091253,0.0905889,0.0898326,0.0896778,0.0893983,0.0892262,0.0890176,0.0888584,0.0890724,0.0885345,0.0886391,0.0887301,0.0880885,0.0882871,0.0878454,0.0878112,0.0878564,0.0875895,0.0876315,0.0878886,0.0877505,0.0876883,0.08771,0.0872202,0.0870943,0.0871484,0.0870301,0.0872112,0.0871818,0.0874032,0.0869,0.0869967,0.0871635,0.0868328,0.0869148,0.0868951,0.086596,0.0866665,0.0868315,0.0863131,0.0861137,0.0862736,0.0862722,0.0859557,0.0864111,0.0863707,0.0860311,0.0855898,0.0857547,0.0857194,0.0856183,0.0855809,0.0854104,0.0863018,0.0855878,0.0858211,0.0853195,0.0854111,0.0854662,0.0853251,0.0853218,0.0850688,0.0849288,0.0850625,0.0850525,0.0851347,0.0850341,0.0850714,0.0848599,0.0845849,0.0847211,0.0849242,0.0845546,0.0848325,0.0847161,0.0845772,0.0845202,0.0844182,0.0845982,0.0843739,0.0846379,0.0846342,0.084363,0.0839794,0.0841408,0.0840275,0.0840726,0.0841503,0.0841885,0.0841844,0.0842254,0.0840351,0.0840654,0.0838365,0.0839685,0.0838817,0.0841554,0.0838763,0.0838355,0.0839326,0.0839979,0.0832445,0.0833496,0.083215,0.0834918
0.0625,"White_w_o",1,"Un_0062 1/1",0.115706,0.0984869,0.0963836,0.0956881,0.0949505,0.0943798,0.0937782,0.0937094,0.0933823,0.0931137,0.0928535,0.0930231,0.0928509,0.0929036,0.093157,0.0929096,0.0932704,0.0934347,0.0932192,0.0935476,0.0932748,0.0935447,0.0937511,0.0936967,0.0939398,0.0942891,0.0941188,0.0939233,0.0938678,0.0943616,0.0943826,0.0941978,0.0946329,0.0946146,0.0946334,0.0946775,0.0950539,0.0949496,0.0954642,0.0953703,0.0955882,0.0957784,0.0958757,0.0959473,0.0961021,0.0961745,0.0961805,0.0963797,0.0966596,0.0968509,0.0970864,0.096971,0.0972311,0.0971399,0.0972841,0.0972172,0.0977637,0.0981422,0.0979937,0.0981615,0.0977535,0.0983698,0.0980817,0.0988592,0.0987248,0.098695,0.09852,0.0988214,0.0988869,0.0992679,0.0991983,0.0992984,0.0993695,0.0994784,0.0997561,0.0998612,0.0999674,0.100176,0.0999998,0.100534,0.100616,0.100346,0.100593,0.100673,0.101227,0.101356,0.101434,0.101183,0.101045,0.101588,0.101378,0.101482,0.101698,0.101788,0.102136,0.101637,0.102038,0.102037,0.102263,0.102688,0.102563,0.102491,0.102711,0.102933,0.103135,0.102702,0.10294,0.102849,0.103068
0.03125,"White_w_o",1,"Un_0063 1/1",0.0980315,0.0948612,0.093338,0.0926151,0.0922073,0.0915974,0.0907651,0.0906647,0.090771,0.0903521,0.090273,0.0902369,0.0902481,0.0901668,0.0898091,0.0897166,0.0896202,0.0893954,0.0893493,0.0894166,0.0894093,0.089183,0.0891224,0.0887429,0.0888711,0.0890131,0.089067,0.0886389,0.0888861,0.0888605,0.0888765,0.0886393,0.0888363,0.0892338,0.0888137,0.0890072,0.0891204,0.0894848,0.0892107,0.0889752,0.0889704,0.0890504,0.0893168,0.0891612,0.0893394,0.089017,0.0886603,0.0890579,0.0890041,0.0890143,0.0891311,0.088663,0.0886268,0.0886903,0.08834,0.0886784,0.0887626,0.0888102,0.0889222,0.0889047,0.0886369,0.088642,0.0885174,0.0885011,0.0884061,0.088456,0.088731,0.0883921,0.088454,0.0882917,0.0885419,0.0884759,0.0882175,0.0882904,0.08814,0.0884792,0.0881582,0.0884324,0.088429,0.0881983,0.0884851,0.087889,0.0881957,0.0882445,0.0883691,0.0885762,0.0885476,0.0882872,0.0880531,0.088167,0.0880586,0.0879395,0.0879955,0.0879743,0.0883838,0.088066,0.0881716,0.0882072,0.0879455,0.0881088,0.0880867,0.0879049,0.0883427,0.0882856,0.0879555,0.0877344,0.0875727,0.08759,0.0875807
0,"White_w_o",1,"Un_0064 1/1",0.104463,0.0806738,0.0786701,0.0772204,0.0761314,0.0758809,0.0750184,0.0748516,0.0745784,0.0746552,0.0743699,0.0742533,0.0741857,0.0738068,0.0737678,0.0735161,0.0737302,0.0732175,0.0734663,0.0732397,0.0731763,0.0731674,0.0734182,0.0732925,0.0728707,0.0729419,0.0733908,0.0726749,0.0727727,0.0727268,0.072894,0.0726576,0.0726529,0.0728584,0.072876,0.0730462,0.0729738,0.0728997,0.0731268,0.0731875,0.0727955,0.0729408,0.0726666,0.0728733,0.0729643,0.072884,0.0730856,0.0728563,0.0732599,0.0730827,0.0728583,0.072947,0.0729426,0.0726363,0.0731068,0.0729977,0.0730989,0.0731932,0.0728098,0.0732913,0.0726637,0.0726526,0.072841,0.0728698,0.0725942,0.0726845,0.0728405,0.0728361,0.0726062,0.072989,0.0726849,0.0727097,0.0725391,0.0727207,0.07268,0.0729086,0.0728641,0.0729387,0.0725636,0.0730531,0.0728958,0.0727316,0.0726054,0.0727218,0.072723,0.0732068,0.0730058,0.0725433,0.072853,0.0725079,0.0726747,0.0726414,0.0726579,0.0727124,0.0727269,0.0724689,0.0726117,0.0729138,0.0727914,0.0727224,0.0729143,0.0726976,0.0730368,0.072722,0.0727684,0.0722604,0.0723394,0.0722672,0.0727843
2,"Elution",1,"Un_0065 1/1",0.10113,0.0825335,0.0800097,0.0783311,0.0772432,0.0764503,0.075442,0.0754956,0.0745679,0.0746218,0.0746608,0.0740404,0.0743579,0.0740298,0.0741395,0.0737529,0.0740714,0.0740352,0.0737973,0.0738782,0.0745482,0.0751192,0.0757568,0.0767683,0.0787936,0.0834519,0.0839216,0.087779,0.0927408,0.0987701,0.108318,0.1145,0.131833,0.134475,0.144639,0.158477,0.170851,0.19374,0.208246,0.237958,0.26786,0.290867,0.305779,0.317714,0.331031,0.345017,0.357535,0.371576,0.38519,0.396193,0.40647,0.418035,0.42795,0.437013,0.447906,0.455047,0.466625,0.474827,0.482089,0.488714,0.494491,0.500775,0.504252,0.507793,0.511485,0.514098,0.516154,0.518916,0.520811,0.522174,0.523296,0.525538,0.525701,0.525859,0.526209,0.527812,0.528208,0.527954,0.528799,0.528513,0.528791,0.52794,0.527613,0.526661,0.527102,0.526418,0.526007,0.525544,0.524915,0.524669,0.524698,0.524384,0.52445,0.524106,0.523828,0.523949,0.523169,0.522919,0.522892,0.52319,0.522768,0.522303,0.521684,0.521707,0.521361,0.520825,0.520412,0.520926,0.520905
1,"Elution",1,"Un_0066 1/1",0.118267,0.0849757,0.083442,0.0825334,0.0813337,0.0808892,0.0804644,0.0800861,0.0794731,0.0796256,0.0791159,0.0787772,0.0788634,0.0787814,0.0784957,0.0780556,0.077835,0.0783022,0.0778884,0.0784432,0.0784884,0.079143,0.0798307,0.0809779,0.0824845,0.0846005,0.0872689,0.0909589,0.0952785,0.100369,0.107062,0.11452,0.129941,0.132574,0.143997,0.159603,0.166863,0.186163,0.204278,0.223504,0.248282,0.261489,0.276057,0.290459,0.307604,0.321904,0.334186,0.347686,0.361385,0.373908,0.38469,0.395832,0.40882,0.422258,0.434332,0.444505,0.455263,0.465724,0.474697,0.482651,0.493964,0.500394,0.508763,0.517128,0.524126,0.528662,0.536389,0.539054,0.541747,0.545474,0.547289,0.549693,0.551363,0.553078,0.55425,0.554709,0.555121,0.555235,0.555861,0.556046,0.555348,0.556747,0.55615,0.555314,0.555754,0.554669,0.554444,0.554603,0.553844,0.553571,0.553397,0.553182,0.552442,0.552646,0.552314,0.552062,0.551789,0.551299,0.550938,0.551116,0.550954,0.550606,0.549825,0.54952,0.549335,0.547939,0.547832,0.547686,0.547631
0.5,"Elution",1,"Un_0067 1/1",0.0950349,0.0847372,0.0821652,0.0806202,0.0795956,0.078975,0.078685,0.07799,0.0779836,0.0774929,0.0775172,0.0772087,0.0769799,0.0771497,0.0773996,0.0776035,0.0775482,0.077466,0.0775731,0.0776089,0.0776526,0.0786121,0.0789494,0.0800785,0.0816492,0.0836093,0.086558,0.089872,0.0972264,0.0997546,0.105475,0.113975,0.120478,0.128859,0.138645,0.149342,0.160963,0.174799,0.193868,0.210782,0.227539,0.240687,0.257299,0.276108,0.294806,0.305787,0.321825,0.333659,0.346252,0.360123,0.374574,0.386216,0.399836,0.411496,0.425547,0.436576,0.446962,0.457687,0.467539,0.478186,0.487645,0.495833,0.506807,0.516784,0.52617,0.532852,0.540058,0.546517,0.552166,0.555578,0.558253,0.561889,0.565086,0.564574,0.565704,0.567871,0.567272,0.567998,0.567908,0.56838,0.56825,0.568669,0.568078,0.567494,0.566637,0.566926,0.566844,0.565768,0.565125,0.564551,0.563981,0.563213,0.563272,0.563017,0.562341,0.561488,0.561383,0.560464,0.560139,0.559667,0.559521,0.55861,0.558696,0.557511,0.556995,0.55648,0.556142,0.555896,0.555529
0.25,"Elution",1,"Un_0068 1/1",0.100816,0.0880722,0.0859575,0.0846441,0.0837142,0.0830038,0.082451,0.081868,0.0816102,0.081376,0.0810878,0.0805479,0.0807241,0.0803422,0.0803096,0.0802317,0.0808156,0.0807419,0.0812339,0.0810506,0.0813302,0.0818412,0.0824477,0.0832151,0.0847897,0.0866755,0.0889028,0.091982,0.0961511,0.0997366,0.105983,0.112072,0.119186,0.12752,0.136964,0.147241,0.160883,0.169604,0.182734,0.199708,0.214664,0.225492,0.239795,0.25336,0.268205,0.278554,0.291532,0.303,0.316143,0.330401,0.341856,0.354455,0.365936,0.378732,0.391406,0.403679,0.415839,0.428468,0.43947,0.450459,0.461774,0.471436,0.479434,0.490649,0.497266,0.504682,0.512402,0.517374,0.533883,0.532423,0.536156,0.537738,0.542409,0.542932,0.54493,0.546675,0.548156,0.548572,0.55266,0.553358,0.554033,0.555315,0.55524,0.554953,0.555253,0.554713,0.555506,0.5551,0.555478,0.55516,0.554755,0.554264,0.554205,0.553699,0.553169,0.553168,0.55266,0.551363,0.551439,0.551239,0.550817,0.55062,0.550369,0.550147,0.549244,0.549613,0.549472,0.549494,0.549438
0.125,"Elution",1,"Un_0069 1/1",0.104222,0.0879531,0.0861544,0.0854839,0.0850583,0.0849893,0.0843327,0.0841945,0.084081,0.0838937,0.0840661,0.0840697,0.0842172,0.0844458,0.0843627,0.0841533,0.0843057,0.0845859,0.0845773,0.0847017,0.0850786,0.0857083,0.0864078,0.0877846,0.0889419,0.0908428,0.093258,0.0966104,0.10041,0.105038,0.111127,0.117459,0.125532,0.132751,0.142076,0.151037,0.162673,0.173217,0.184854,0.196339,0.210803,0.226742,0.239953,0.250639,0.263861,0.269902,0.28107,0.291756,0.302979,0.312319,0.321743,0.33209,0.341422,0.351786,0.361929,0.373013,0.381172,0.392072,0.401571,0.410991,0.419413,0.426818,0.435048,0.442705,0.449983,0.455674,0.461093,0.464713,0.468085,0.474987,0.477083,0.480609,0.483905,0.486417,0.489145,0.491445,0.493135,0.493954,0.495749,0.496711,0.496697,0.49814,0.497981,0.498449,0.499399,0.499019,0.500077,0.500059,0.50049,0.501205,0.501775,0.501893,0.501693,0.502462,0.502516,0.502882,0.502695,0.502659,0.502322,0.502966,0.503339,0.503081,0.503808,0.503374,0.503407,0.50311,0.503333,0.503511,0.503941
0.0625,"Elution",1,"Un_0070 1/1",0.109405,0.0863516,0.0843759,0.0831618,0.0824162,0.0816598,0.0808769,0.0806697,0.0805104,0.0808696,0.0801042,0.0797014,0.0799953,0.0798217,0.079971,0.0796257,0.0795054,0.0797579,0.0799427,0.0798152,0.0799718,0.0808345,0.0813548,0.0823646,0.0838403,0.0855536,0.0882971,0.0917061,0.095496,0.100595,0.106218,0.112702,0.119435,0.127382,0.136158,0.145543,0.155407,0.166358,0.177972,0.190228,0.205756,0.213939,0.228444,0.241767,0.253519,0.265619,0.274992,0.284837,0.294395,0.303652,0.313752,0.32192,0.330148,0.338927,0.347071,0.356678,0.364376,0.374076,0.384435,0.393583,0.402516,0.411219,0.419047,0.427458,0.433837,0.437838,0.444094,0.447906,0.451494,0.457763,0.461381,0.463785,0.468491,0.471265,0.472989,0.476548,0.477894,0.478357,0.47924,0.479833,0.480323,0.482011,0.482908,0.482552,0.484432,0.484764,0.484762,0.485646,0.487033,0.487336,0.487311,0.488134,0.488569,0.489048,0.489321,0.489487,0.489737,0.490426,0.4899,0.490444,0.490717,0.490416,0.491803,0.491807,0.492587,0.492146,0.49247,0.492563,0.492781
0.03125,"Elution",1,"Un_0071 1/1",0.11158,0.0851938,0.0827441,0.081277,0.0804866,0.0805031,0.0794666,0.0793235,0.0789041,0.078714,0.0785048,0.0783161,0.0778147,0.077954,0.0775188,0.0774455,0.0771123,0.0772289,0.0770562,0.0770719,0.0773925,0.0776239,0.0781977,0.0792126,0.0804457,0.0821011,0.0843668,0.0873001,0.091201,0.0960058,0.10101,0.107973,0.115382,0.123813,0.133457,0.142237,0.152152,0.16239,0.172773,0.184979,0.196374,0.207626,0.217113,0.228268,0.23632,0.246741,0.25709,0.267091,0.277546,0.28662,0.295751,0.305762,0.31503,0.324722,0.334332,0.344846,0.354087,0.364427,0.373663,0.381569,0.390536,0.398412,0.407994,0.415231,0.421306,0.42827,0.433404,0.436869,0.4414,0.445996,0.448682,0.45036,0.453112,0.45403,0.454984,0.457452,0.458293,0.459328,0.460597,0.460265,0.461459,0.461885,0.461474,0.461602,0.462684,0.462261,0.462252,0.462383,0.462641,0.462388,0.462783,0.462264,0.462731,0.462835,0.463207,0.463064,0.462786,0.462808,0.4629,0.462508,0.462452,0.462529,0.462934,0.462996,0.462639,0.461999,0.462326,0.462199,0.462761
0,"Elution",1,"Un_0072 1/1",0.106383,0.088686,0.0861478,0.0851306,0.0855009,0.0851116,0.0843129,0.0841703,0.0840036,0.0836122,0.0834939,0.08357,0.0836651,0.0834915,0.0831371,0.0828874,0.0831161,0.0834936,0.0831077,0.0832162,0.0835729,0.0843125,0.0849957,0.0861072,0.087744,0.0895972,0.0921285,0.0959585,0.100012,0.104479,0.110057,0.11624,0.122419,0.129167,0.13588,0.144385,0.152073,0.160254,0.169587,0.178987,0.187411,0.196158,0.209317,0.217275,0.223477,0.23136,0.239734,0.247847,0.255821,0.266098,0.27224,0.280815,0.289876,0.298203,0.307526,0.316687,0.325544,0.335489,0.344541,0.353498,0.361853,0.369636,0.377908,0.386666,0.393728,0.399384,0.405517,0.409434,0.413998,0.417696,0.420034,0.423479,0.4265,0.429211,0.431966,0.434187,0.434476,0.436604,0.438217,0.43918,0.439441,0.44085,0.441129,0.441506,0.442789,0.443416,0.443774,0.44376,0.443597,0.443943,0.444549,0.444663,0.444567,0.444866,0.445135,0.445172,0.445524,0.445721,0.445325,0.445826,0.446102,0.446318,0.447065,0.446701,0.446952,0.446654,0.4472,0.447957,0.448727
2,"Elution",2,"Un_0073 1/1",0.143605,0.0860516,0.0835318,0.0816421,0.0808211,0.0801418,0.0787376,0.0785512,0.078092,0.0778387,0.0776613,0.0773777,0.0773854,0.0773024,0.076927,0.0772093,0.0765071,0.0769509,0.0769869,0.077239,0.0774086,0.0782304,0.0791337,0.0802225,0.0819212,0.0850809,0.0874421,0.0912756,0.0966942,0.106171,0.110345,0.136863,0.126568,0.139339,0.148391,0.184342,0.193373,0.196624,0.219568,0.24952,0.273836,0.305675,0.315539,0.328847,0.341595,0.353878,0.366223,0.378296,0.391198,0.403547,0.417489,0.435904,0.442714,0.451267,0.459359,0.46746,0.475085,0.48431,0.490577,0.49729,0.504176,0.510841,0.515381,0.51954,0.52319,0.526085,0.529242,0.531088,0.533776,0.535686,0.536717,0.538729,0.539382,0.540457,0.541096,0.541835,0.542255,0.541321,0.541763,0.541819,0.542962,0.542313,0.541887,0.541883,0.542207,0.541136,0.540647,0.539462,0.539282,0.539391,0.539005,0.538004,0.537871,0.538297,0.538068,0.537518,0.537486,0.53703,0.53663,0.536208,0.536373,0.535771,0.536438,0.535756,0.535781,0.534482,0.534637,0.534347,0.534426
1,"Elution",2,"Un_0074 1/1",0.108901,0.0800286,0.0779431,0.076845,0.0764386,0.0758119,0.0753113,0.0746772,0.0745672,0.0746465,0.0743459,0.0741749,0.0742808,0.0738653,0.0740958,0.073755,0.0738781,0.074087,0.0738543,0.0743314,0.0745603,0.0749181,0.0760785,0.0769944,0.078805,0.0808064,0.0837908,0.0872489,0.0920804,0.0976611,0.103986,0.115315,0.122049,0.129255,0.139388,0.151682,0.180216,0.190519,0.210879,0.225211,0.250113,0.258873,0.276531,0.288246,0.30157,0.314275,0.327885,0.342141,0.355439,0.36723,0.37921,0.391948,0.403808,0.415614,0.428059,0.438137,0.449297,0.459211,0.470102,0.478347,0.486357,0.502324,0.505203,0.512662,0.519805,0.523121,0.530537,0.533992,0.539003,0.541443,0.545279,0.547891,0.549424,0.550882,0.55286,0.554191,0.555716,0.555706,0.556219,0.556151,0.556607,0.562908,0.558356,0.557185,0.556682,0.55547,0.554411,0.554777,0.554342,0.553657,0.553962,0.55356,0.55302,0.552832,0.552124,0.55196,0.551931,0.551216,0.550914,0.551134,0.550945,0.550615,0.550361,0.55025,0.549261,0.548816,0.548382,0.547868,0.547853
0.5,"Elution",2,"Un_0075 1/1",0.124691,0.0890301,0.0866018,0.085113,0.0848302,0.0840472,0.0836976,0.0830114,0.0828452,0.08269,0.0833748,0.0829867,0.0830127,0.0831601,0.0831178,0.0830986,0.0830316,0.0833776,0.0833255,0.0840592,0.0844022,0.0851788,0.0860375,0.0872531,0.088735,0.0907865,0.0929836,0.0964692,0.101618,0.105257,0.112149,0.117722,0.126034,0.133377,0.144062,0.155529,0.168329,0.188623,0.205615,0.219941,0.231384,0.241101,0.253643,0.269151,0.281537,0.297867,0.312171,0.323813,0.336981,0.350844,0.364374,0.376755,0.389908,0.403556,0.41816,0.429446,0.441731,0.453334,0.465807,0.4787,0.489344,0.497403,0.509835,0.518598,0.527028,0.539075,0.546549,0.549928,0.554874,0.558377,0.561568,0.563343,0.565983,0.567316,0.569043,0.571653,0.571367,0.573093,0.573543,0.573595,0.574563,0.576518,0.576284,0.576813,0.577326,0.578219,0.578066,0.578533,0.578305,0.578531,0.578062,0.57832,0.581271,0.578591,0.579582,0.579811,0.578953,0.579152,0.580771,0.579615,0.58005,0.578789,0.578578,0.578361,0.578095,0.58221,0.583615,0.581929,0.580053
0.25,"Elution",2,"Un_0076 1/1",0.11956,0.0924796,0.0899521,0.0887727,0.0882586,0.0875713,0.087202,0.086771,0.0864286,0.0859529,0.0861348,0.0858197,0.0855363,0.0857449,0.0855085,0.0850187,0.0851083,0.0854109,0.0852787,0.0854564,0.0857314,0.0859896,0.0868228,0.0873728,0.0889147,0.0906126,0.0928085,0.0961296,0.0998096,0.105121,0.110963,0.117802,0.125375,0.135412,0.143367,0.154592,0.167421,0.182011,0.197059,0.20983,0.229896,0.248437,0.2597,0.278875,0.288965,0.30015,0.31447,0.327582,0.340716,0.352811,0.366554,0.379277,0.391675,0.404171,0.417494,0.429425,0.440689,0.451517,0.462846,0.471794,0.481408,0.490686,0.498571,0.506935,0.514841,0.521402,0.527911,0.534789,0.538712,0.542495,0.544769,0.54717,0.549171,0.550273,0.552008,0.551959,0.553371,0.553144,0.553083,0.552323,0.553416,0.552821,0.552721,0.552143,0.552811,0.55205,0.551635,0.551181,0.550754,0.550116,0.549972,0.549222,0.549062,0.548437,0.547617,0.54807,0.546848,0.546418,0.545551,0.545164,0.544959,0.544725,0.544689,0.5442,0.543886,0.543099,0.542514,0.541916,0.541833
0.125,"Elution",2,"Un_0077 1/1",0.112406,0.106894,0.106648,0.105967,0.106372,0.10576,0.10592,0.105714,0.105562,0.10559,0.105953,0.105315,0.105486,0.105857,0.105564,0.105961,0.105061,0.105543,0.105607,0.105864,0.105842,0.1068,0.106924,0.108613,0.109881,0.112079,0.114493,0.117189,0.121519,0.126353,0.13311,0.13911,0.147703,0.154163,0.163967,0.173758,0.184494,0.198327,0.211037,0.223055,0.235865,0.251862,0.267879,0.278268,0.289142,0.29908,0.311054,0.322316,0.337925,0.351849,0.36429,0.374029,0.382679,0.392968,0.404421,0.414183,0.424687,0.434899,0.443399,0.453961,0.4626,0.470376,0.478739,0.487111,0.493751,0.50184,0.508487,0.512855,0.518911,0.523362,0.526025,0.529625,0.533467,0.535667,0.538277,0.539774,0.54122,0.541976,0.544109,0.543936,0.544748,0.545677,0.545729,0.545679,0.545516,0.54548,0.54471,0.544981,0.544013,0.543923,0.543053,0.54268,0.542493,0.543539,0.543101,0.542352,0.542344,0.542295,0.542175,0.541586,0.541214,0.54141,0.541682,0.541617,0.541334,0.54099,0.540661,0.540956,0.541212
0.0625,"Elution",2,"Un_0078 1/1",0.123871,0.106752,0.104442,0.103297,0.102336,0.101743,0.101169,0.100977,0.100725,0.100448,0.100107,0.0998876,0.100087,0.0998014,0.0996954,0.0992566,0.0994275,0.0991908,0.0994118,0.0995066,0.0996451,0.100431,0.10118,0.101876,0.103264,0.105327,0.107879,0.111491,0.11576,0.120723,0.126594,0.133881,0.141122,0.150128,0.159385,0.16928,0.179579,0.190006,0.204024,0.21705,0.231108,0.243976,0.262164,0.27285,0.288136,0.300581,0.311579,0.322203,0.332311,0.346451,0.357099,0.366828,0.377689,0.388501,0.397231,0.405771,0.418228,0.428615,0.437275,0.446629,0.454972,0.462856,0.469584,0.477708,0.483483,0.490007,0.495542,0.499879,0.503106,0.50806,0.510956,0.512672,0.516029,0.518223,0.51981,0.522028,0.522864,0.523472,0.524775,0.525137,0.524991,0.525629,0.526117,0.526544,0.526532,0.526216,0.525685,0.525219,0.525247,0.524211,0.524493,0.523108,0.523384,0.523842,0.523865,0.523481,0.522875,0.523338,0.522899,0.524006,0.522775,0.52271,0.52298,0.522799,0.522552,0.521498,0.522218,0.521843,0.522642
0.03125,"Elution",2,"Un_0079 1/1",0.112755,0.0936044,0.0934534,0.0931677,0.0931255,0.092896,0.0928346,0.09312,0.0928512,0.0927359,0.092491,0.0930352,0.0927639,0.0928012,0.0928428,0.0928112,0.0932847,0.0928239,0.0932016,0.0929035,0.0934676,0.0938102,0.094764,0.0951254,0.0967749,0.0983468,0.101071,0.104089,0.10838,0.112842,0.118283,0.125678,0.132483,0.140621,0.150399,0.16116,0.16985,0.181824,0.193766,0.207097,0.218972,0.234297,0.249303,0.262673,0.277459,0.290491,0.302591,0.313985,0.323664,0.334903,0.344104,0.35488,0.367472,0.376564,0.388978,0.397871,0.408107,0.419526,0.428735,0.4373,0.446589,0.455462,0.463668,0.471757,0.47735,0.48343,0.489825,0.493438,0.497282,0.502178,0.505427,0.507948,0.510806,0.512992,0.513937,0.516745,0.518054,0.518914,0.519762,0.520016,0.520539,0.520733,0.520114,0.520687,0.521516,0.521187,0.520515,0.520493,0.521013,0.519929,0.520166,0.519489,0.518968,0.519555,0.519979,0.519618,0.519333,0.519707,0.519562,0.519175,0.519625,0.519374,0.519816,0.519633,0.519982,0.519224,0.519663,0.520654,0.519866
0,"Elution",2,"Un_0080 1/1",0.111061,0.0888203,0.086532,0.0854167,0.0847917,0.0841391,0.0837688,0.0831091,0.0828155,0.0828337,0.0828764,0.0823913,0.0827445,0.0824036,0.0822577,0.0821297,0.0820859,0.0824844,0.0821512,0.0824746,0.082867,0.0831779,0.0837021,0.0851126,0.087457,0.0891835,0.0916994,0.0945328,0.098291,0.102602,0.108723,0.114151,0.120795,0.129284,0.136269,0.14522,0.154871,0.16414,0.175318,0.188504,0.198584,0.207611,0.228109,0.234001,0.246057,0.256401,0.265464,0.275897,0.287898,0.29712,0.307805,0.31714,0.327862,0.336082,0.346789,0.35646,0.365254,0.375617,0.386707,0.394422,0.403011,0.412346,0.417284,0.425731,0.433377,0.440307,0.446127,0.449571,0.454888,0.45954,0.463389,0.467304,0.470543,0.473055,0.475277,0.47736,0.479942,0.480865,0.481695,0.482276,0.483304,0.483739,0.483899,0.484672,0.48565,0.484794,0.485035,0.485046,0.484643,0.484549,0.485355,0.484417,0.484158,0.484669,0.484999,0.484172,0.484008,0.484217,0.483742,0.483852,0.484434,0.48408,0.4845,0.484669,0.484518,0.484333,0.484695,0.484895,0.485511
2,"Elution",3,"Un_0081 1/1",0.141261,0.0925576,0.090602,0.0895808,0.0903366,0.0900837,0.0892531,0.0890369,0.0886704,0.0886326,0.0883799,0.0880803,0.0882238,0.0882138,0.0879372,0.087845,0.0875553,0.0878467,0.0876837,0.0881993,0.0887272,0.0897534,0.0911425,0.0929161,0.0944306,0.0969225,0.100137,0.103776,0.109196,0.121395,0.121951,0.131598,0.140823,0.154208,0.173549,0.172459,0.209278,0.226263,0.240763,0.261705,0.278781,0.31786,0.33223,0.341554,0.353219,0.365929,0.378771,0.391434,0.403916,0.417474,0.429963,0.443569,0.45395,0.461907,0.469273,0.476679,0.484155,0.493925,0.500281,0.506261,0.511888,0.519548,0.52331,0.527769,0.532266,0.536681,0.539915,0.541131,0.542578,0.544511,0.544069,0.545489,0.546709,0.547405,0.548246,0.549412,0.549774,0.549569,0.549227,0.549591,0.549563,0.549319,0.549202,0.547941,0.548062,0.547484,0.546433,0.545645,0.545366,0.545067,0.544749,0.54436,0.543731,0.543139,0.542276,0.542217,0.542226,0.541316,0.540886,0.540424,0.540053,0.540053,0.539737,0.539574,0.539221,0.538816,0.538001,0.538073,0.538135
1,"Elution",3,"Un_0082 1/1",0.103148,0.082819,0.0805794,0.0795525,0.0788132,0.0782898,0.0774986,0.0776813,0.077985,0.07938,0.0795606,0.0793137,0.0792759,0.0789077,0.0784308,0.078035,0.0777088,0.0773113,0.0773297,0.0778297,0.0783935,0.0793747,0.080209,0.0815033,0.0830936,0.0850411,0.087488,0.0905273,0.0952913,0.100467,0.106534,0.113917,0.122386,0.130869,0.140889,0.152615,0.167888,0.187367,0.205595,0.222727,0.234758,0.250686,0.26519,0.282,0.296108,0.309711,0.325312,0.33961,0.353621,0.366026,0.378893,0.390408,0.404628,0.414984,0.428583,0.439364,0.454184,0.463458,0.470522,0.483448,0.490436,0.498341,0.506876,0.515889,0.520257,0.526168,0.532686,0.535677,0.543957,0.546093,0.547662,0.548996,0.553248,0.552967,0.555063,0.555673,0.556166,0.558,0.557223,0.556834,0.556671,0.558111,0.556097,0.555749,0.556632,0.555382,0.555471,0.555168,0.554471,0.55397,0.55412,0.553626,0.553608,0.553237,0.553279,0.552871,0.552271,0.55163,0.551302,0.550883,0.550501,0.550593,0.550652,0.550424,0.550278,0.549863,0.550184,0.550464,0.550294
0.5,"Elution",3,"Un_0083 1/1",0.105421,0.0812607,0.078912,0.0779813,0.0770287,0.0765433,0.0763736,0.0761911,0.076035,0.0762444,0.0762679,0.0760012,0.0759731,0.0760063,0.0762787,0.0759806,0.0762369,0.0759722,0.0763603,0.0765237,0.0767965,0.0774352,0.0782459,0.0791166,0.0808996,0.0827149,0.0856415,0.0887541,0.0932716,0.0989258,0.104812,0.112377,0.120361,0.130039,0.139955,0.150465,0.163286,0.176721,0.195424,0.221925,0.240224,0.255247,0.272588,0.286006,0.297005,0.309193,0.320826,0.332322,0.343666,0.355022,0.365241,0.376486,0.388186,0.399965,0.410687,0.419687,0.430465,0.44268,0.451549,0.461429,0.469421,0.477939,0.485704,0.493497,0.50092,0.507158,0.512669,0.517195,0.521291,0.524589,0.527822,0.529582,0.532991,0.533956,0.535857,0.539576,0.539601,0.540162,0.541072,0.545517,0.546738,0.54325,0.543279,0.543989,0.544398,0.544408,0.543898,0.54253,0.54113,0.540118,0.539764,0.539355,0.538462,0.537957,0.538079,0.536724,0.536317,0.535815,0.535267,0.535144,0.535059,0.534969,0.534988,0.53463,0.534414,0.53358,0.533188,0.532689,0.533622
0.25,"Elution",3,"Un_0084 1/1",0.101885,0.0993917,0.0987253,0.0989501,0.0994158,0.0992505,0.0991857,0.09914,0.0992206,0.0996385,0.0999259,0.0999396,0.100178,0.10051,0.100496,0.100203,0.10038,0.100871,0.100699,0.10104,0.101488,0.102588,0.103221,0.104451,0.106325,0.108598,0.111147,0.114321,0.118198,0.123418,0.131098,0.136545,0.145494,0.154042,0.164014,0.176321,0.193663,0.206979,0.22445,0.238013,0.250832,0.271035,0.28579,0.297504,0.312592,0.328146,0.343187,0.358637,0.371168,0.396409,0.405275,0.418545,0.430573,0.444707,0.457232,0.469788,0.480673,0.493718,0.503597,0.515941,0.53349,0.542514,0.553256,0.563839,0.571694,0.57865,0.587422,0.592921,0.597761,0.606596,0.611466,0.616574,0.619503,0.619827,0.622159,0.625804,0.626569,0.62662,0.628252,0.627908,0.628262,0.631414,0.630683,0.630259,0.63131,0.631352,0.631327,0.63087,0.630531,0.630307,0.630738,0.630155,0.630003,0.630285,0.629417,0.629465,0.629443,0.629495,0.629059,0.628781,0.628948,0.628256,0.628842,0.628542,0.628095,0.627895,0.628133,0.628111,0.627933
0.125,"Elution",3,"Un_0085 1/1",0.10796,0.0971957,0.0962254,0.0959591,0.0956507,0.0956462,0.0951046,0.094528,0.0942099,0.0942264,0.0938887,0.0937932,0.0935203,0.0931633,0.0933401,0.093207,0.09321,0.0936815,0.0933051,0.093703,0.0942334,0.0948658,0.0954663,0.0963289,0.0979645,0.09938,0.102421,0.105408,0.109778,0.115729,0.121837,0.127704,0.135624,0.145342,0.158074,0.165848,0.177516,0.19187,0.204848,0.218084,0.232057,0.245066,0.261615,0.27471,0.288286,0.303318,0.323753,0.326722,0.337841,0.349577,0.361389,0.376926,0.387936,0.400436,0.413352,0.424257,0.436788,0.448452,0.45988,0.469654,0.481594,0.487367,0.496606,0.506036,0.512394,0.519326,0.527038,0.530522,0.536677,0.541264,0.544963,0.548193,0.552726,0.554337,0.555827,0.55865,0.559403,0.559437,0.560363,0.559662,0.560484,0.560517,0.560289,0.560068,0.560698,0.560613,0.55948,0.559009,0.558474,0.558283,0.557811,0.558013,0.556424,0.555996,0.555522,0.555308,0.555235,0.554328,0.553846,0.553567,0.552709,0.552634,0.552706,0.552949,0.552311,0.55183,0.550996,0.550486,0.55177
0.0625,"Elution",3,"Un_0086 1/1",0.10113,0.0796921,0.0776149,0.0769313,0.0767141,0.0759812,0.0754246,0.0752732,0.0754555,0.0749686,0.0749464,0.0750892,0.0749715,0.0750256,0.0750709,0.0748399,0.0747627,0.0748425,0.0749997,0.075198,0.0755741,0.0761352,0.076828,0.0777745,0.0794512,0.0815554,0.084182,0.0873422,0.0920859,0.0968698,0.103577,0.109932,0.118278,0.127035,0.136374,0.147562,0.158333,0.171304,0.184473,0.198906,0.215311,0.22601,0.241746,0.255832,0.268789,0.2808,0.292408,0.304015,0.31745,0.32751,0.339597,0.349997,0.360439,0.370329,0.383061,0.392261,0.402703,0.413257,0.42198,0.430104,0.439704,0.445956,0.453579,0.461175,0.466295,0.470899,0.476722,0.481835,0.485761,0.489555,0.492652,0.495795,0.496495,0.498504,0.499623,0.500747,0.502398,0.502782,0.503772,0.503333,0.504289,0.504574,0.504448,0.504104,0.504871,0.504656,0.504362,0.504372,0.504136,0.503811,0.504226,0.504187,0.504183,0.504273,0.503495,0.502833,0.503312,0.5026,0.502627,0.502872,0.502566,0.502979,0.50308,0.50307,0.502793,0.502476,0.502169,0.502214,0.502473
0.03125,"Elution",3,"Un_0087 1/1",0.0911772,0.0871081,0.0865247,0.0854383,0.0851362,0.0843883,0.0841007,0.084079,0.084573,0.0843786,0.0842131,0.0837854,0.0839613,0.0841626,0.0840469,0.083761,0.0835333,0.0834729,0.083565,0.0835784,0.0840055,0.0847327,0.0850452,0.0858299,0.0874722,0.0901139,0.0919668,0.0949213,0.0986072,0.103575,0.109792,0.116201,0.122622,0.131352,0.140814,0.150177,0.160763,0.171859,0.186236,0.199068,0.211918,0.223625,0.243666,0.26138,0.281662,0.296163,0.309775,0.321165,0.333465,0.345892,0.358072,0.371595,0.383764,0.396359,0.4073,0.418942,0.430474,0.442388,0.451745,0.460561,0.468116,0.475689,0.482378,0.49055,0.495601,0.501835,0.507491,0.512591,0.517437,0.520809,0.524408,0.526283,0.528231,0.529557,0.530751,0.531799,0.533021,0.531436,0.532437,0.532174,0.531554,0.532738,0.530869,0.530438,0.531198,0.530623,0.530202,0.53001,0.528548,0.528678,0.528685,0.528618,0.528868,0.529821,0.528763,0.528341,0.528093,0.527552,0.527577,0.527267,0.527502,0.528239,0.527761,0.527828,0.527552,0.528419,0.528144,0.528974,0.52929
0,"Elution",3,"Un_0088 1/1",0.0984913,0.0809289,0.0793569,0.0783614,0.0774992,0.0774983,0.0766615,0.0766879,0.0764963,0.0765219,0.076315,0.0758751,0.0758859,0.075786,0.0756754,0.075633,0.0755766,0.075127,0.0754904,0.076127,0.0757739,0.0764655,0.0775621,0.0780187,0.0796579,0.0816437,0.0842803,0.0884568,0.0924047,0.0973301,0.103608,0.109266,0.11511,0.12269,0.130413,0.138723,0.146692,0.155425,0.164803,0.178123,0.185712,0.193725,0.202909,0.213173,0.223656,0.231871,0.241863,0.250127,0.259962,0.269289,0.278643,0.287628,0.298697,0.307963,0.317575,0.325938,0.335157,0.345467,0.355912,0.367202,0.374886,0.384377,0.391865,0.400402,0.408222,0.415032,0.420592,0.424912,0.428011,0.432733,0.436483,0.439061,0.441533,0.444111,0.444758,0.447658,0.448369,0.450335,0.451135,0.451918,0.451958,0.452764,0.452482,0.452573,0.453071,0.453303,0.452849,0.453582,0.452643,0.452716,0.453591,0.452478,0.452622,0.453367,0.453076,0.451954,0.452519,0.452759,0.452683,0.452357,0.452881,0.453329,0.453616,0.453637,0.453731,0.453823,0.455018,0.455295,0.455733
2,"Elution_w_o",1,"Un_0089 1/1",0.110249,0.0836157,0.0826982,0.0819355,0.081143,0.0804938,0.0797786,0.0796223,0.0793457,0.0790675,0.0792135,0.0788017,0.079161,0.0784866,0.0784656,0.0779627,0.0781211,0.0778588,0.0778423,0.0776603,0.0773353,0.0774818,0.0774699,0.0772447,0.0775467,0.0771704,0.0772233,0.0770334,0.0770138,0.0765849,0.0767467,0.0769969,0.0768339,0.0768299,0.0766307,0.0763305,0.076808,0.07661,0.076443,0.0760081,0.0762221,0.0761859,0.0764218,0.0759759,0.0763511,0.0759067,0.0762099,0.0760634,0.076084,0.0763218,0.0760209,0.0758338,0.0757742,0.0759787,0.076042,0.0758614,0.0760513,0.0762012,0.0762774,0.0761369,0.0755016,0.0754653,0.0757193,0.0757932,0.075805,0.0757418,0.0754945,0.0757977,0.0754383,0.0756542,0.0756728,0.0755469,0.075123,0.0753549,0.075295,0.075473,0.0758295,0.0754717,0.0755698,0.075531,0.0753113,0.0755448,0.0754651,0.0752048,0.0758203,0.0761052,0.0755993,0.0754714,0.0750786,0.0752386,0.075435,0.0754826,0.0754098,0.0753736,0.0753616,0.0753339,0.0752748,0.0754135,0.0753988,0.0752967,0.0752798,0.0750199,0.0757777,0.0755108,0.0755713,0.0747676,0.0751192,0.0748805,0.0749125
1,"Elution_w_o",1,"Un_0090 1/1",0.0991034,0.0899644,0.0886654,0.0875617,0.0870147,0.0862177,0.0855616,0.0852669,0.0847742,0.08506,0.0855297,0.0857857,0.0858088,0.0856568,0.0852093,0.0850553,0.0852805,0.0851991,0.085329,0.0850266,0.0854068,0.0854546,0.0856592,0.0853992,0.0848034,0.0850888,0.0849853,0.0845963,0.0845636,0.0842813,0.0845929,0.0848474,0.0844792,0.0845331,0.084514,0.0842835,0.0844386,0.0844972,0.084181,0.0843984,0.0844763,0.0847676,0.0842225,0.0844117,0.0843122,0.0838031,0.0839608,0.0842174,0.0841247,0.084438,0.0841728,0.0839187,0.0838255,0.0837865,0.0839147,0.0840597,0.0838429,0.0844137,0.0841114,0.0840975,0.0840248,0.0836664,0.0839835,0.0844834,0.0839322,0.0841203,0.0837238,0.083918,0.0835816,0.0837443,0.0839342,0.0838533,0.0836956,0.0838021,0.0834221,0.0839402,0.0837032,0.0839939,0.0840305,0.083689,0.0839769,0.083837,0.0836322,0.0837418,0.0837846,0.0842236,0.0842824,0.0835037,0.0836668,0.0836044,0.0839799,0.0839844,0.0838124,0.0838689,0.0839834,0.0838023,0.0839734,0.0839525,0.0836718,0.0838052,0.0835708,0.0837797,0.0837844,0.0838319,0.0839799,0.0833898,0.0832599,0.0833806,0.0834606
0.5,"Elution_w_o",1,"Un_0091 1/1",0.10456,0.0944469,0.0921111,0.0910862,0.0900217,0.0895334,0.0886999,0.0879277,0.0875741,0.0878378,0.0874395,0.087719,0.0876323,0.0876,0.0872591,0.0870798,0.0869238,0.0869387,0.0865577,0.0865128,0.086739,0.0864771,0.0863318,0.0868724,0.0868655,0.0868738,0.0867571,0.0864837,0.0864362,0.0863744,0.086593,0.0868009,0.0865426,0.0865133,0.0860946,0.0862107,0.0863457,0.086506,0.0865183,0.0863175,0.0863052,0.0864895,0.0865875,0.0861232,0.0864909,0.0860389,0.0862294,0.0861813,0.0866937,0.0863636,0.0865013,0.0861909,0.0860758,0.0858044,0.0860924,0.0866083,0.0861435,0.0863272,0.086483,0.0868166,0.0863413,0.0862752,0.0866067,0.0872397,0.0867875,0.0864795,0.0865183,0.0863838,0.0864331,0.0862655,0.0864527,0.0868124,0.086833,0.0866544,0.0864829,0.0862903,0.0865011,0.0866015,0.0866336,0.0868471,0.0870033,0.0863187,0.0863307,0.0864291,0.0863913,0.0871554,0.0867421,0.086182,0.0863008,0.0864603,0.08648,0.0863974,0.0863284,0.086253,0.0864581,0.0863199,0.0862269,0.0861783,0.0861636,0.0864338,0.0861912,0.0863004,0.0862929,0.0863217,0.0861443,0.0862719,0.0854991,0.0861757,0.086096
0.25,"Elution_w_o",1,"Un_0092 1/1",0.111012,0.104174,0.103818,0.10423,0.103726,0.103769,0.103457,0.102994,0.102561,0.102707,0.102846,0.102962,0.103829,0.10288,0.102399,0.103124,0.103269,0.103232,0.103572,0.102954,0.103576,0.103641,0.103274,0.103592,0.104659,0.105072,0.105082,0.104218,0.104521,0.10444,0.105354,0.105753,0.104934,0.105262,0.104826,0.105329,0.10552,0.105728,0.104863,0.10635,0.105803,0.106662,0.106817,0.105947,0.106598,0.105621,0.105558,0.105548,0.106356,0.106359,0.105626,0.10506,0.105198,0.105382,0.10549,0.105549,0.106336,0.106195,0.105462,0.105346,0.105535,0.10536,0.105503,0.107552,0.106267,0.105954,0.106279,0.105357,0.10529,0.105304,0.105152,0.10601,0.106245,0.106246,0.105229,0.105462,0.105253,0.105993,0.106331,0.106307,0.106417,0.105736,0.105485,0.105121,0.105473,0.106985,0.105585,0.105308,0.105702,0.105903,0.105306,0.106007,0.105894,0.105741,0.10542,0.10592,0.105308,0.105376,0.105567,0.105756,0.104789,0.105394,0.104694,0.104892,0.104477,0.105179,0.104476,0.10509,0.105884
0.125,"Elution_w_o",1,"Un_0093 1/1",0.100871,0.0871252,0.0848723,0.0841978,0.0833207,0.0827621,0.0818182,0.0815071,0.0811017,0.0806349,0.0807645,0.0806045,0.0803461,0.0805314,0.0808572,0.0805199,0.0805357,0.0806146,0.0803978,0.0803165,0.0798698,0.0803794,0.0805293,0.0803092,0.0803811,0.0806316,0.0802301,0.079959,0.0798152,0.0799396,0.0799833,0.0800856,0.0797527,0.0800523,0.0801863,0.0801454,0.0803373,0.0803882,0.0804125,0.0802639,0.08042,0.080538,0.0802254,0.0800624,0.080342,0.0798789,0.080112,0.0801936,0.0802376,0.0806765,0.080452,0.0798447,0.0802125,0.0800239,0.0807603,0.0801681,0.0801795,0.0803432,0.0804632,0.0804614,0.0801438,0.0797295,0.07997,0.080341,0.0803305,0.0801612,0.080163,0.0797897,0.0796417,0.0800355,0.0798488,0.0802415,0.0799174,0.0797171,0.0797729,0.0800862,0.0796259,0.0799517,0.0799379,0.0798279,0.0798869,0.0798822,0.0795505,0.0800395,0.0804537,0.0801498,0.0801702,0.0798816,0.0796317,0.0798872,0.0799843,0.0795744,0.0797477,0.0796558,0.0797554,0.0798688,0.0799557,0.0798575,0.0797166,0.0796662,0.0799445,0.0796511,0.0799158,0.0800296,0.0798079,0.0796553,0.079379,0.0794115,0.0799507
0.0625,"Elution_w_o",1,"Un_0094 1/1",0.110772,0.104258,0.103839,0.103342,0.104029,0.104054,0.103759,0.104341,0.104408,0.10627,0.10677,0.106773,0.1065,0.106858,0.107336,0.106754,0.106825,0.106642,0.10657,0.10719,0.106565,0.106733,0.107673,0.10706,0.106849,0.106794,0.107136,0.106821,0.107068,0.106954,0.106337,0.106141,0.106862,0.106878,0.106994,0.106559,0.106795,0.106733,0.10713,0.10642,0.106697,0.106216,0.106001,0.106427,0.106713,0.106544,0.106704,0.106372,0.106634,0.1063,0.10686,0.106912,0.106868,0.106827,0.106139,0.106757,0.106404,0.106777,0.1073,0.107275,0.106772,0.106698,0.106542,0.105478,0.106022,0.106039,0.10621,0.106264,0.106496,0.107015,0.106686,0.106209,0.106059,0.105664,0.106686,0.106712,0.106803,0.106265,0.105901,0.106272,0.106067,0.106635,0.107039,0.106568,0.106993,0.106135,0.106528,0.106173,0.106123,0.106018,0.106379,0.106324,0.106111,0.106355,0.106273,0.106002,0.106629,0.106197,0.106078,0.106173,0.106297,0.106404,0.106741,0.106541,0.106858,0.105578,0.106318,0.10567,0.105854
0.03125,"Elution_w_o",1,"Un_0095 1/1",0.101605,0.0968697,0.0959527,0.0957914,0.0958734,0.0966932,0.0964114,0.0965435,0.0971296,0.0965662,0.0968564,0.0966003,0.0968177,0.0972992,0.0971484,0.097349,0.0970681,0.097046,0.096667,0.0976834,0.097007,0.097321,0.097818,0.0978132,0.0972458,0.0973884,0.0972599,0.0974079,0.0972997,0.097222,0.0973008,0.0970486,0.0975205,0.0976517,0.0976763,0.0974628,0.0984877,0.100169,0.100881,0.0978065,0.0976979,0.0969458,0.0972898,0.0978095,0.0971222,0.0976108,0.0983325,0.100832,0.0993715,0.09894,0.0977012,0.0980749,0.0976971,0.0975215,0.0980289,0.0975347,0.0973872,0.0979113,0.0981924,0.0979892,0.0972877,0.0980055,0.0978802,0.096838,0.0970738,0.0976546,0.0970582,0.0978284,0.0980528,0.0978323,0.09815,0.0973894,0.0974072,0.0971305,0.0976812,0.0981671,0.0979048,0.0976264,0.0977892,0.0977041,0.0978172,0.0978845,0.0984656,0.098234,0.0981466,0.098024,0.0980904,0.0980858,0.0980845,0.0994651,0.0985064,0.0980559,0.097809,0.0978665,0.0978407,0.097902,0.0986432,0.0980028,0.0984619,0.0987056,0.100785,0.101243,0.0999746,0.0989366,0.0993501,0.0976634,0.0981997,0.0978413,0.0976576
0,"Elution_w_o",1,"Un_0096 1/1",0.10052,0.0895159,0.0880127,0.0870468,0.0863645,0.0858129,0.0852618,0.0844563,0.0842406,0.0844133,0.0838808,0.0836213,0.0836175,0.083371,0.0836216,0.0831189,0.0829763,0.0829783,0.0826596,0.0825961,0.0826517,0.082702,0.0827666,0.0825518,0.0824725,0.0824784,0.0824384,0.0821776,0.0822139,0.0819189,0.081991,0.0819067,0.0822233,0.0820066,0.0823281,0.0820003,0.0820771,0.0822231,0.0821809,0.0822311,0.081962,0.081857,0.0815578,0.082032,0.0817078,0.0815327,0.0817123,0.0817185,0.0820209,0.0818568,0.0820569,0.0816427,0.0819195,0.0815974,0.0816548,0.0817899,0.0817431,0.0821986,0.0819161,0.0823664,0.0817845,0.0817782,0.081941,0.0817216,0.0816564,0.0818265,0.0815063,0.0814051,0.0818917,0.081514,0.0820408,0.0816797,0.0816663,0.0821577,0.0830902,0.0836105,0.0835058,0.0833541,0.0834669,0.0830088,0.0827143,0.0822266,0.0821109,0.0820652,0.0818238,0.0816582,0.081854,0.0812685,0.0812601,0.0813648,0.0815255,0.0814243,0.0814479,0.0812608,0.0813074,0.0814974,0.0811279,0.0814709,0.0815207,0.0811526,0.0815221,0.0811641,0.0817022,0.0817165,0.0814897,0.0807789,0.0810164,0.0810406,0.0809083
